============================================
  Pipeline SQL Olist - Churn Prediction
  2026-05-28 11:24:30
============================================

>>> 01 - Création du schéma
    Fichier : scripts/01-schema.sql
    OK

>>> 02 - Import des CSV
    Fichier : scripts/02-import.sql
Constraint Error: Duplicate key "customer_id: 06b8999e2fba1a1fbc88172c00ba8bc7" violates primary key constraint.
Constraint Error: Duplicate key "seller_id: 3442f8959a84dea7ee197c632cb2df15" violates primary key constraint.
Constraint Error: Duplicate key "product_id: 1e9e8ef04dbcff4541ed26657ea517e5" violates primary key constraint.
Constraint Error: Duplicate key "product_category_name: beleza_saude" violates primary key constraint.
Constraint Error: Duplicate key "order_id: 7c20de54af91549df98fd6926d781144" violates primary key constraint.
Constraint Error: Duplicate key "order_id: 8426a61c687c38a2fb35080413ec9eb4, order_item_id: 1" violates primary key constraint.
Constraint Error: Duplicate key "order_id: b81ef226f3fe1789b1e8b2acac839d17, payment_sequential: 1" violates primary key constraint.
┌──────────────┬───────────┐
│  table_name  │ nb_lignes │
│   varchar    │   int64   │
├──────────────┼───────────┤
│ customers    │     99441 │
│ sellers      │      3095 │
│ products     │     32951 │
│ translations │        71 │
│ orders       │     99441 │
│ order_items  │    112650 │
│ payments     │    103886 │
│ reviews      │     98410 │
└──────────────┴───────────┘
    OK

>>> 03 - Exploration de la base
    Fichier : scripts/03-exploration-base.sql
┌──────────────┬──────────────┬────────┐
│ order_status │ nb_commandes │  pct   │
│   varchar    │    int64     │ double │
├──────────────┼──────────────┼────────┤
│ delivered    │        96470 │  97.01 │
│ shipped      │         1115 │   1.12 │
│ canceled     │          625 │   0.63 │
│ unavailable  │          609 │   0.61 │
│ invoiced     │          314 │   0.32 │
│ processing   │          301 │    0.3 │
│ created      │            5 │   0.01 │
│ approved     │            2 │    0.0 │
└──────────────┴──────────────┴────────┘
┌─────────────────┐
│ nb_incoherences │
│      int64      │
├─────────────────┤
│               0 │
└─────────────────┘
┌──────────────────────┐
│ commandes_sans_items │
│        int64         │
├──────────────────────┤
│                  775 │
└──────────────────────┘
┌────────────────────┐
│ reviews_orphelines │
│       int64        │
├────────────────────┤
│                  0 │
└────────────────────┘
┌───────────────────────┬────────────┐
│     customer_city     │ nb_clients │
│        varchar        │   int64    │
├───────────────────────┼────────────┤
│ sao paulo             │      15540 │
│ rio de janeiro        │       6882 │
│ belo horizonte        │       2773 │
│ brasilia              │       2131 │
│ curitiba              │       1521 │
│ campinas              │       1444 │
│ porto alegre          │       1379 │
│ salvador              │       1245 │
│ guarulhos             │       1189 │
│ sao bernardo do campo │        938 │
│ niteroi               │        849 │
│ santo andre           │        797 │
│ osasco                │        746 │
│ santos                │        713 │
│ goiania               │        692 │
│ sao jose dos campos   │        691 │
│ fortaleza             │        654 │
│ sorocaba              │        633 │
│ recife                │        613 │
│ florianopolis         │        570 │
└───────────────────────┴────────────┘
  20 rows                  2 columns
┌───────────────────────┐
│     customer_city     │
│        varchar        │
├───────────────────────┤
│ belo horizonte        │
│ morro de sao paulo    │
│ rio de janeiro        │
│ sao paulo             │
│ sao paulo das missoes │
│ sao paulo do potengi  │
└───────────────────────┘
┌──────────────┬────────────┬────────┐
│ review_score │ nb_reviews │  pct   │
│    int32     │   int64    │ double │
├──────────────┼────────────┼────────┤
│            1 │      11282 │  11.46 │
│            2 │       3114 │   3.16 │
│            3 │       8097 │   8.23 │
│            4 │      19007 │  19.31 │
│            5 │      56910 │  57.83 │
└──────────────┴────────────┴────────┘
┌───────────────────┬───────────────┬───────────────┐
│ mauvaises_reviews │ total_reviews │ pct_mauvaises │
│       int64       │     int64     │    double     │
├───────────────────┼───────────────┼───────────────┤
│             14396 │         98410 │         14.63 │
└───────────────────┴───────────────┴───────────────┘
    OK

>>> 04 - Nettoyage des anomalies
    Fichier : scripts/04-nettoyage.sql
┌────────────┐
│ nb_reviews │
│   int64    │
├────────────┤
│      98410 │
└────────────┘
┌───────────────────────────┐
│ nb_incoherences_restantes │
│           int64           │
├───────────────────────────┤
│                         0 │
└───────────────────────────┘
┌─────────────────────────┐
│ produits_sans_categorie │
│          int64          │
├─────────────────────────┤
│                     610 │
└─────────────────────────┘
┌──────────────────────────────────┬──────────────┐
│             order_id             │ order_status │
│             varchar              │   varchar    │
├──────────────────────────────────┼──────────────┤
│ a68ce1686d536ca72bd2dadc4b8671e5 │ shipped      │
└──────────────────────────────────┴──────────────┘
┌────────────┬───────┬───────────────┬──────────────┬────────────────┐
│ table_name │ total │ approved_null │ carrier_null │ delivered_null │
│  varchar   │ int64 │     int64     │    int64     │     int64      │
├────────────┼───────┼───────────────┼──────────────┼────────────────┤
│ orders     │ 99441 │           160 │         1783 │           2965 │
└────────────┴───────┴───────────────┴──────────────┴────────────────┘
    OK

>>> 05 - Feature engineering
    Fichier : scripts/05-features.sql
┌──────────────────────────────────┬──────────────┬────────────────────────────────┬───────────────┬──────────────┬───────────────────────────┬─────────────────────┬────────────┬──────────────────────┬───────────────────────┬──────────────────────────┬─────────────────────────────┬─────────────────┬─────────────────┬───────────────────────┬─────────────────────┐
│        customer_unique_id        │ nb_commandes │ jours_depuis_derniere_commande │ valeur_totale │ panier_moyen │ panier_moyen_par_commande │ score_moyen_reviews │ nb_reviews │ nb_mauvaises_reviews │ pct_mauvaises_reviews │ nb_categories_distinctes │ delai_moyen_inter_commandes │ tendance_panier │ rang_par_valeur │ mode_paiement_prefere │ nb_moyen_versements │
│             varchar              │    int64     │             int64              │ decimal(38,2) │    double    │          double           │       double        │   int64    │        int64         │        double         │          int64           │           double            │     double      │      int64      │        varchar        │       double        │
├──────────────────────────────────┼──────────────┼────────────────────────────────┼───────────────┼──────────────┼───────────────────────────┼─────────────────────┼────────────┼──────────────────────┼───────────────────────┼──────────────────────────┼─────────────────────────────┼─────────────────┼─────────────────┼───────────────────────┼─────────────────────┤
│ 8d50f5eadf50201ccdcedfb9e2ac8455 │           16 │                             58 │        902.04 │        56.38 │                     56.38 │                 5.0 │         16 │                    0 │                   0.0 │                        4 │                        30.8 │            1.06 │            2220 │ credit_card           │                 1.4 │
│ 3e43e6105506432c953e165fb2acf44c │            9 │                            232 │       1172.67 │        83.76 │                     130.3 │                2.75 │          8 │                    2 │                  25.0 │                        5 │                        20.3 │            3.12 │            1058 │ credit_card           │                 7.1 │
│ ca77025e7201e3b30c44b472ff346268 │            7 │                            138 │       1122.72 │        93.56 │                    160.39 │                 5.0 │          7 │                    0 │                   0.0 │                        4 │                        39.2 │          -32.48 │            1011 │ credit_card           │                 1.0 │
│ 1b6c7548a2a1f9037c1fd3ddfed95f33 │            7 │                            245 │        959.01 │       106.56 │                     137.0 │                 5.0 │          7 │                    0 │                   0.0 │                        5 │                        15.5 │           19.01 │             898 │ boleto                │                 1.0 │
│ 6469f99c1f9dfae7733b25662e7f1782 │            7 │                            111 │        758.83 │        84.31 │                     108.4 │                 5.0 │          7 │                    0 │                   0.0 │                        1 │                        47.0 │           -9.85 │            1309 │ credit_card           │                 2.9 │
│ f0e310a6839dce9de1638e0fe5ab282a │            6 │                            195 │        540.69 │        90.12 │                     90.12 │                 4.5 │          6 │                    1 │                 16.67 │                        3 │                        64.0 │          -38.16 │            2198 │ boleto                │                 2.0 │
│ 63cfc61cee11cbe306bff5857d00bfe4 │            6 │                            142 │        826.32 │        75.12 │                    137.72 │                 4.5 │          6 │                    0 │                   0.0 │                        5 │                        76.4 │           -9.22 │            1048 │ credit_card           │                 7.8 │
│ 47c1a3033b8b77b3ab6e109eb4d5fdf3 │            6 │                            266 │        944.21 │       134.89 │                    157.37 │                4.83 │          6 │                    0 │                   0.0 │                        5 │                        34.0 │            1.52 │             689 │ boleto                │                 1.0 │
│ 12f5d6e1cbf93dafd9dcc19095df0b3d │            6 │                            650 │        110.72 │        18.45 │                     18.45 │                 5.0 │          6 │                    0 │                   0.0 │                        3 │                         0.0 │             0.0 │            2872 │ boleto                │                 1.0 │
│ dc813062e0fc23409cd255f7f53c7074 │            6 │                             55 │       1033.62 │        93.97 │                    172.27 │                 4.5 │          6 │                    0 │                   0.0 │                        3 │                        83.6 │           -42.9 │            1005 │ credit_card           │                10.5 │
│ 394ac4de8f3acb14253c177f0e15bc58 │            5 │                             63 │        745.41 │       124.24 │                    149.08 │                 5.0 │          5 │                    0 │                   0.0 │                        3 │                        59.0 │           32.12 │             914 │ credit_card           │                 1.0 │
│ b4e4f24de1e8725b74e4a1f4975116ed │            5 │                            201 │        274.95 │        54.99 │                     54.99 │                 4.2 │          5 │                    0 │                   0.0 │                        3 │                         8.8 │           -6.25 │            2356 │ credit_card           │                 2.8 │
│ 4e65032f1f574189fb793bac5a867bbc │            5 │                            125 │        490.41 │        81.74 │                     98.08 │                 5.0 │          5 │                    0 │                   0.0 │                        4 │                       111.3 │             4.7 │            1259 │ credit_card           │                 4.4 │
│ de34b16117594161a6a89c50b289d35a │            5 │                            273 │        530.38 │       106.08 │                    106.08 │                 3.4 │          5 │                    0 │                   0.0 │                        2 │                        18.8 │          -62.62 │            2269 │ credit_card           │                 1.8 │
│ 56c8638e7c058b98aae6d74d2dd6ea23 │            5 │                            181 │        806.47 │       115.21 │                    161.29 │                 4.2 │          5 │                    1 │                  20.0 │                        3 │                        70.3 │            4.23 │             783 │ credit_card           │                 5.0 │
│ 74cb1ad7e6d5674325c1f99b5ea30d82 │            5 │                            197 │        451.17 │        90.23 │                     90.23 │                 5.0 │          4 │                    0 │                   0.0 │                        5 │                        54.5 │           38.42 │            1443 │ credit_card           │                 4.0 │
│ 35ecdf6858edc6427223b64804cf028e │            5 │                            200 │        603.90 │        86.27 │                    120.78 │                 4.0 │          5 │                    1 │                  20.0 │                        5 │                        59.5 │           -5.65 │            1171 │ credit_card           │                 8.8 │
│ 5e8f38a9a1c023f3db718edcf926a2db │            5 │                            225 │       1114.18 │       222.84 │                    222.84 │                 3.8 │          5 │                    2 │                  40.0 │                        3 │                        49.3 │          -35.27 │             500 │ credit_card           │                 3.8 │
│ fe81bb32c243a86b2f86fbf053fe6140 │            5 │                            118 │       1590.76 │       318.15 │                    318.15 │                 4.2 │          5 │                    1 │                  20.0 │                        2 │                        60.5 │           71.19 │             150 │ credit_card           │                 2.4 │
│ a0abd26659c9914690cbd3320d39fd96 │            4 │                            116 │        426.12 │        85.22 │                    106.53 │                 5.0 │          4 │                    0 │                   0.0 │                        4 │                       130.7 │          -56.62 │            2084 │ credit_card           │                 5.0 │
└──────────────────────────────────┴──────────────┴────────────────────────────────┴───────────────┴──────────────┴───────────────────────────┴─────────────────────┴────────────┴──────────────────────┴───────────────────────┴──────────────────────────┴─────────────────────────────┴─────────────────┴─────────────────┴───────────────────────┴─────────────────────┘
  20 rows                                                                                                                                                                                                                                                                                                                                                       16 columns
    OK

>>> 06 - Vue finale v_customer_features
    Fichier : scripts/06-vue-finale.sql
    OK

>>> 07 - Index et optimisation
    Fichier : scripts/07-optimisation.sql
┌─────────────────────────────────────┐
│┌───────────────────────────────────┐│
││    Query Profiling Information    ││
│└───────────────────────────────────┘│
└─────────────────────────────────────┘
EXPLAIN ANALYZE SELECT * FROM v_customer_features LIMIT 10;
┌────────────────────────────────────────────────┐
│┌──────────────────────────────────────────────┐│
││              Total Time: 0.183s              ││
│└──────────────────────────────────────────────┘│
└────────────────────────────────────────────────┘
┌─────────────┐
│    QUERY    │
└──────┬──────┘
┌──────┴──────┐
│EXPLAIN_...  │
│    ──────   │
│             │
│    0 rows   │
│    0.00s    │
└──────┬──────┘
┌──────┴──────┐
│  PROJECTION │
│    ──────   │
│customer_uniq│
│    ue_id    │
│ nb_commandes│
│jours_depuis_│
│derniere_comm│
│     ande    │
│valeur_totale│
│ panier_moyen│
│panier_moyen_│
│ par_commande│
│score_moyen_r│
│    eviews   │
│  nb_reviews │
│nb_mauvaises_│
│   reviews   │
│pct_mauvaises│
│   _reviews  │
│nb_categories│
│ _distinctes │
│delai_moyen_i│
│nter_commande│
│      s      │
│tendance_pani│
│      er     │
│rang_par_vale│
│      ur     │
│mode_paiement│
│   _prefere  │
│nb_moyen_vers│
│    ements   │
│  est_churne │
│segment_clien│
│      t      │
│             │
│             │
│             │
│   10 rows   │
│    0.00s    │
└──────┬──────┘
┌──────┴──────┐
│STREAMIN...  │
│    ──────   │
│             │
│   10 rows   │
│    0.00s    │
└──────┬──────┘
┌──────┴──────┐
│  HASH_JOIN  │
│    ──────   │
│  Join Type: │
│     LEFT    │
│             │
│ Conditions: │
│customer_uniq│
│ue_id = custo├─────────────────────────────────────────────────────────────────────────────────────────────────────────────────────────────────────────────────────────────────────────────────────────────────────────────────────────────────
│mer_unique_id│                                                                                                                                                                                                                                 
│             │                                                                                                                                                                                                                                 
│             │                                                                                                                                                                                                                                 
│             │                                                                                                                                                                                                                                 
│  2,984 rows │                                                                                                                                                                                                                                 
│    0.01s    │                                                                                                                                                                                                                                 
└──────┬──────┘                                                                                                                                                                                                                                 
┌──────┴──────┐                                                                                                                                                                                                                                 
│  HASH_JOIN  │                                                                                                                                                                                                                                 
│    ──────   │                                                                                                                                                                                                                                 
│  Join Type: │                                                                                                                                                                                                                                 
│     LEFT    │                                                                                                                                                                                                                                 
│             │                                                                                                                                                                                                                                 
│ Conditions: │                                                                                                                                                                                                                                 
│customer_uniq│                                                                                                                                                                                                                                 
│ue_id = custo├───────────────────────────────────────────────────────────────────────────────────────────────────────────────────────────────────────────────────────────────────────────────────────────┐                                     
│mer_unique_id│                                                                                                                                                                                           │                                     
│             │                                                                                                                                                                                           │                                     
│             │                                                                                                                                                                                           │                                     
│             │                                                                                                                                                                                           │                                     
│  2,984 rows │                                                                                                                                                                                           │                                     
│    0.00s    │                                                                                                                                                                                           │                                     
└──────┬──────┘                                                                                                                                                                                           │                                     
┌──────┴──────┐                                                                                                                                                                                    ┌──────┴──────┐                              
│  HASH_JOIN  │                                                                                                                                                                                    │  PROJECTION │                              
│    ──────   │                                                                                                                                                                                    │    ──────   │                              
│  Join Type: │                                                                                                                                                                                    │customer_uniq│                              
│     LEFT    │                                                                                                                                                                                    │    ue_id    │                              
│             │                                                                                                                                                                                    │delai_moyen_i│                              
│ Conditions: │                                                                                                                                                                                    │nter_commande│                              
│customer_uniq│                                                                                                                                                                                    │      s      │                              
│ue_id = custo│                                                                                                                                                                                    │tendance_pani│                              
│mer_unique_id├───────────────────────────────────────────────────────────────────────────────────────────────────────────────────────────────┐                                                    │      er     │                              
│             │                                                                                                                               │                                                    │rang_par_vale│                              
│             │                                                                                                                               │                                                    │      ur     │                              
│             │                                                                                                                               │                                                    │             │                              
│             │                                                                                                                               │                                                    │             │                              
│    0.01s    │                                                                                                                               │                                                    │             │                              
│ 26,622 rows │                                                                                                                               │                                                    │  2,887 rows │                              
│   (0.01s)   │                                                                                                                               │                                                    │    0.00s    │                              
└──────┬──────┘                                                                                                                               │                                                    └──────┬──────┘                              
┌──────┴──────┐                                                                                                                        ┌──────┴──────┐                                             ┌──────┴──────┐                              
│  HASH_JOIN  │                                                                                                                        │HASH_GROUP_BY│                                             │  PROJECTION │                              
│    ──────   │                                                                                                                        │    ──────   │                                             │    ──────   │                              
│  Join Type: │                                                                                                                        │   Groups:   │                                             │      #0     │                              
│    RIGHT    │                                                                                                                        │      #0     │                                             │      #1     │                              
│             │                                                                                                                        │             │                                             │      #2     │                              
│ Conditions: │                                                                                                                        │ Aggregates: │                                             │      #3     │                              
│customer_uniq│                                                                                                                        │count(DISTINC│                                             │      #4     │                              
│ue_id = custo├─────────────────────────────────────┐                                                                                  │    T #1)    │                                             │             │                              
│mer_unique_id│                                     │                                                                                  │             │                                             │             │                              
│             │                                     │                                                                                  │             │                                             │             │                              
│             │                                     │                                                                                  │             │                                             │             │                              
│             │                                     │                                                                                  │             │                                             │    0.00s    │                              
│ 26,624 rows │                                     │                                                                                  │    0.03s    │                                             │  2,887 rows │                              
│    0.01s    │                                     │                                                                                  │   (0.03s)   │                                             │   (0.00s)   │                              
└──────┬──────┘                                     │                                                                                  └──────┬──────┘                                             └──────┬──────┘                              
┌──────┴──────┐                              ┌──────┴──────┐                                                                           ┌──────┴──────┐                                             ┌──────┴──────┐                              
│  PROJECTION │                              │  HASH_JOIN  │                                                                           │  PROJECTION │                                             │    WINDOW   │                              
│    ──────   │                              │    ──────   │                                                                           │    ──────   │                                             │    ──────   │                              
│customer_uniq│                              │  Join Type: │                                                                           │customer_uniq│                                             │ Projections:│                              
│    ue_id    │                              │    RIGHT    │                                                                           │    ue_id    │                                             │ RANK() OVER │                              
│score_moyen_r│                              │             │                                                                           │   COALESCE  │                                             │  (ORDER BY  │                              
│    eviews   │                              │ Conditions: │                                                                           │(product_cate│                                             │ avg(montant_│                              
│  nb_reviews │                              │customer_uniq│                                                                           │ gory_name,  │                                             │  commande)  │                              
│nb_mauvaises_│                              │ue_id = custo│                                                                           │  'unknown') │                                             │  DESC NULLS │                              
│   reviews   │                              │mer_unique_id│                                                                           │             │                                             │     LAST)   │                              
│pct_mauvaises│                              │             │                                                                           │             │                                             │             │                              
│   _reviews  │                              │             │                                                                           │             │                                             │             │                              
│             │                              │             │                                                                           │             │                                             │             │                              
│             │                              │             │                                                                           │    0.00s    │                                             │             │                              
│             │                              │    0.02s    │                                                                           │             │                                             │    0.00s    │                              
│             │                              │             │                                                                           │             │                                             │             │                              
│    0.00s    │                              │             │                                                                           │             │                                             │             │                              
│             │                              │             ├─────────────────────────────────────┐                                     │             │                                             │             │                              
│             │                              │             │                                     │                                     │             │                                             │             │                              
│             │                              │             │                                     │                                     │             │                                             │             │                              
│             │                              │             │                                     │                                     │             │                                             │             │                              
│             │                              │             │                                     │                                     │             │                                             │             │                              
│             │                              │             │                                     │                                     │             │                                             │             │                              
│             │                              │             │                                     │                                     │             │                                             │             │                              
│             │                              │             │                                     │                                     │             │                                             │             │                              
│             │                              │             │                                     │                                     │             │                                             │             │                              
│             │                              │             │                                     │                                     │             │                                             │             │                              
│             │                              │             │                                     │                                     │             │                                             │             │                              
│             │                              │             │                                     │                                     │             │                                             │             │                              
│             │                              │             │                                     │                                     │             │                                             │             │                              
│             │                              │             │                                     │                                     │             │                                             │             │                              
│ 24,576 rows │                              │ 94,990 rows │                                     │                                     │ 112,101 rows│                                             │  2,887 rows │                              
│   (0.00s)   │                              │   (0.02s)   │                                     │                                     │   (0.00s)   │                                             │   (0.00s)   │                              
└──────┬──────┘                              └──────┬──────┘                                     │                                     └──────┬──────┘                                             └──────┬──────┘                              
┌──────┴──────┐                              ┌──────┴──────┐                              ┌──────┴──────┐                              ┌──────┴──────┐                                             ┌──────┴──────┐                              
│HASH_GROUP_BY│                              │  PROJECTION │                              │  PROJECTION │                              │  HASH_JOIN  │                                             │HASH_GROUP_BY│                              
│    ──────   │                              │    ──────   │                              │    ──────   │                              │    ──────   │                                             │    ──────   │                              
│   Groups:   │                              │customer_uniq│                              │customer_uniq│                              │  Join Type: │                                             │   Groups:   │                              
│      #0     │                              │    ue_id    │                              │    ue_id    │                              │    INNER    │                                             │      #0     │                              
│             │                              │valeur_totale│                              │ nb_commandes│                              │             │                                             │             │                              
│ Aggregates: │                              │ panier_moyen│                              │jours_depuis_│                              │ Conditions: │                                             │ Aggregates: │                              
│   avg(#1)   │                              │panier_moyen_│                              │derniere_comm│                              │ customer_id │                                             │   avg(#1)   │                              
│  count(#2)  │                              │ par_commande│                              │     ande    │                              │= customer_id│                                             │   avg(#2)   │                              
│  count(#3)  │                              │             │                              │             │                              │             │                                             │   avg(#3)   │                              
│    FILTER   │                              │             │                              │             │                              │             │                                             │             │                              
│  (WHERE #3) │                              │             │                              │             │                              │             │                                             │             │                              
│  Filter: #3 │                              │             │                              │             │                              │             │                                             │             │                              
│             │                              │    0.00s    │                              │    0.00s    │                              │    0.02s    │                                             │             │                              
│             │                              │             │                              │             │                              │             │                                             │    0.00s    │                              
│             │                              │             │                              │             │                              │             │                                             │             │                              
│             │                              │             │                              │             │                              │             │                                             │             │                              
│    0.03s    │                              │             │                              │             │                              │             │                                             │             │                              
│             │                              │             │                              │             │                              │             │                                             │             │                              
│             │                              │             │                              │             │                              │             ├───────┐                                     │             │                              
│             │                              │             │                              │             │                              │             │       │                                     │             │                              
│             │                              │             │                              │             │                              │             │       │                                     │             │                              
│             │                              │             │                              │             │                              │             │       │                                     │             │                              
│             │                              │             │                              │             │                              │             │       │                                     │             │                              
│             │                              │             │                              │             │                              │             │       │                                     │             │                              
│             │                              │             │                              │             │                              │             │       │                                     │             │                              
│             │                              │             │                              │             │                              │             │       │                                     │             │                              
│             │                              │             │                              │             │                              │             │       │                                     │             │                              
│             │                              │             │                              │             │                              │             │       │                                     │             │                              
│             │                              │             │                              │             │                              │             │       │                                     │             │                              
│             │                              │             │                              │             │                              │             │       │                                     │             │                              
│             │                              │             │                              │             │                              │             │       │                                     │             │                              
│             │                              │             │                              │             │                              │             │       │                                     │             │                              
│             │                              │             │                              │             │                              │             │       │                                     │             │                              
│             │                              │             │                              │             │                              │             │       │                                     │             │                              
│             │                              │             │                              │             │                              │             │       │                                     │             │                              
│ 24,576 rows │                              │ 94,983 rows │                              │ 94,990 rows │                              │ 112,101 rows│       │                                     │  2,887 rows │                              
│   (0.03s)   │                              │   (0.00s)   │                              │   (0.00s)   │                              │   (0.02s)   │       │                                     │   (0.00s)   │                              
└──────┬──────┘                              └──────┬──────┘                              └──────┬──────┘                              └──────┬──────┘       │                                     └──────┬──────┘                              
┌──────┴──────┐                              ┌──────┴──────┐                              ┌──────┴──────┐                              ┌──────┴──────┐┌──────┴──────┐                              ┌──────┴──────┐
│  PROJECTION │                              │HASH_GROUP_BY│                              │CROSS_PRODUCT│                              │  TABLE_SCAN ││  HASH_JOIN  │                              │  PROJECTION │
│    ──────   │                              │    ──────   │                              │    ──────   │                              │    ──────   ││    ──────   │                              │    ──────   │
│customer_uniq│                              │   Groups:   │                              │             │                              │    Table:   ││  Join Type: │                              │customer_uniq│
│    ue_id    │                              │      #0     │                              │             │                              │  olist.main ││    INNER    │                              │    ue_id    │
│ review_score│                              │             │                              │    0.00s    │                              │  .customers ││             │                              │delai_inter_c│
│  review_id  │                              │ Aggregates: │                              │             │                              │             ││ Conditions: │                              │ommandes_jour│
│  review_id  │                              │   sum(#1)   │                              │             │                              │    Type:    ││ product_id =│                              │      s      │
│(review_score│                              │   avg(#2)   │                              │             │                              │  Sequential ││  product_id │                              │(montant_comm│
│     <= 2)   │                              │count(DISTINC│                              │             │                              │     Scan    ││             │                              │ande - montan│
│             │                              │    T #3)    │                              │             │                              │             ││             │                              │t_commande_pr│
│             │                              │             │                              │             │                              │ Projections:││             │                              │  ecedente)  │
│             │                              │             │                              │             │                              │ customer_id ││             │                              │montant_comma│
│             │                              │             │                              │             │                              │customer_uniq││    0.02s    │                              │     nde     │
│    0.00s    │                              │             │                              │             │                              │    ue_id    ││             │                              │             │
│             │                              │    0.07s    │                              │             │                              │             ││             │                              │             │
│             │                              │             │                              │             │                              │Dynamic Filte││             │                              │             │
│             │                              │             │                              │             ├──────────────────────┐       │     rs:     ││             ├───────┐                      │             │
│             │                              │             │                              │             │                      │       │  optional:  ││             │       │                      │    0.00s    │
│             │                              │             │                              │             │                      │       │  customer_id││             │       │                      │             │
│             │                              │             │                              │             │                      │       │>='00012a2ce6││             │       │                      │             │
│             │                              │             │                              │             │                      │       │f8dcda20d059c││             │       │                      │             │
│             │                              │             │                              │             │                      │       │  e98491703' ││             │       │                      │             │
│             │                              │             │                              │             │                      │       │ AND optional││             │       │                      │             │
│             │                              │             │                              │             │                      │       │: customer_id││             │       │                      │             │
│             │                              │             │                              │             │                      │       │<='ffffa31725││             │       │                      │             │
│             │                              │             │                              │             │                      │       │27f765de70084││             │       │                      │             │
│             │                              │             │                              │             │                      │       │  a7e53aae8' ││             │       │                      │             │
│             │                              │             │                              │             │                      │       │             ││             │       │                      │             │
│             │                              │             │                              │             │                      │       │             ││             │       │                      │             │
│             │                              │             │                              │             │                      │       │             ││             │       │                      │             │
│ 98,483 rows │                              │ 94,983 rows │                              │ 94,990 rows │                      │       │ 99,441 rows ││ 112,101 rows│       │                      │  3,216 rows │
│   (0.00s)   │                              │   (0.07s)   │                              │   (0.00s)   │                      │       │    0.01s    ││   (0.02s)   │       │                      │   (0.00s)   │
└──────┬──────┘                              └──────┬──────┘                              └──────┬──────┘                      │       └─────────────┘└──────┬──────┘       │                      └──────┬──────┘
┌──────┴──────┐                              ┌──────┴──────┐                              ┌──────┴──────┐               ┌──────┴──────┐               ┌──────┴──────┐┌──────┴──────┐               ┌──────┴──────┐
│  HASH_JOIN  │                              │  PROJECTION │                              │HASH_GROUP_BY│               │  PROJECTION │               │  TABLE_SCAN ││  HASH_JOIN  │               │  PROJECTION │
│    ──────   │                              │    ──────   │                              │    ──────   │               │    ──────   │               │    ──────   ││    ──────   │               │    ──────   │
│  Join Type: │                              │customer_uniq│                              │   Groups:   │               │ CASE  WHEN (│               │    Table:   ││  Join Type: │               │customer_uniq│
│    RIGHT    │                              │    ue_id    │                              │      #0     │               │  (#1 > 1))  │               │  olist.main ││    INNER    │               │    ue_id    │
│             │                              │      #1     │                              │             │               │ THEN ("error│               │  .products  ││             │               │montant_comma│
│ Conditions: │                              │      #1     │                              │ Aggregates: │               │ "('More than│               │             ││ Conditions: │               │     nde     │
│  order_id = │                              │   order_id  │                              │count(DISTINC│               │    one row  │               │    Type:    ││  order_id = │               │montant_comma│
│   order_id  │                              │             │                              │    T #1)    │               │  returned by│               │  Sequential ││   order_id  │               │nde_precedent│
│             │                              │             │                              │   max(#2)   │               │  a subquery │               │     Scan    ││             │               │      e      │
│             │                              │             │                              │             │               │  used as an │               │             ││             │               │delai_inter_c│
│             │                              │             │                              │             │               │  expression │               │ Projections:││             │               │ommandes_jour│
│             │                              │    0.00s    │                              │             │               │   - scalar  │               │  product_id ││             │               │      s      │
│    0.03s    │                              │             │                              │             │               │  subqueries │               │product_categ││    0.02s    │               │             │
│             │                              │             │                              │    0.05s    │               │   can only  │               │   ory_name  ││             │               │             │
│             │                              │             │                              │             │               │   return a  │               │             ││             │               │             │
│             │                              │             │                              │             │               │  single row.│               │Dynamic Filte││             │               │             │
│             ├───────┐                      │             │                              │             │               │   Use "SET  │               │     rs:     ││             ├───────┐       │    0.00s    │
│             │       │                      │             │                              │             │               │ scalar_subqu│               │  optional:  ││             │       │       │             │
│             │       │                      │             │                              │             │               │ery_error_on_│               │  product_id>││             │       │       │             │
│             │       │                      │             │                              │             │               │multiple_rows│               │='00066f42aee││             │       │       │             │
│             │       │                      │             │                              │             │               │  =false" to │               │b9f3007548bb9││             │       │       │             │
│             │       │                      │             │                              │             │               │   revert to │               │  d3f33c38'  ││             │       │       │             │
│             │       │                      │             │                              │             │               │   previous  │               │ AND optional││             │       │       │             │
│             │       │                      │             │                              │             │               │  behavior of│               │ : product_id││             │       │       │             │
│             │       │                      │             │                              │             │               │  returning a│               │<='fffe9eeff1││             │       │       │             │
│             │       │                      │             │                              │             │               │  random row.│               │2fcbd74a2f2b0││             │       │       │             │
│             │       │                      │             │                              │             │               │ ')) ELSE #0 │               │  07dde0c58' ││             │       │       │             │
│             │       │                      │             │                              │             │               │      END    │               │             ││             │       │       │             │
│             │       │                      │             │                              │             │               │             │               │             ││             │       │       │             │
│             │       │                      │             │                              │             │               │             │               │             ││             │       │       │             │
│             │       │                      │             │                              │             │               │             │               │             ││             │       │       │             │
│ 98,483 rows │       │                      │ 112,101 rows│                              │ 94,990 rows │               │    1 row    │               │    0.01s    ││ 112,101 rows│       │       │  3,216 rows │
│   (0.03s)   │       │                      │   (0.00s)   │                              │   (0.05s)   │               │    0.00s    │               │   (0.01s)   ││   (0.02s)   │       │       │   (0.00s)   │
└──────┬──────┘       │                      └──────┬──────┘                              └──────┬──────┘               └──────┬──────┘               └─────────────┘└──────┬──────┘       │       └──────┬──────┘
┌──────┴──────┐┌──────┴──────┐               ┌──────┴──────┐                              ┌──────┴──────┐               ┌──────┴──────┐                              ┌──────┴──────┐┌──────┴──────┐┌──────┴──────┐
│  TABLE_SCAN ││  HASH_JOIN  │               │  PROJECTION │                              │  PROJECTION │               │UNGROUPE...  │                              │  TABLE_SCAN ││  TABLE_SCAN ││  PROJECTION │
│    ──────   ││    ──────   │               │    ──────   │                              │    ──────   │               │    ──────   │                              │    ──────   ││    ──────   ││    ──────   │
│    Table:   ││  Join Type: │               │customer_uniq│                              │customer_uniq│               │ Aggregates: │                              │    Table:   ││    Table:   ││      #0     │
│  olist.main ││    INNER    │               │    ue_id    │                              │    ue_id    │               │ "first"(#0) │                              │  olist.main ││  olist.main ││      #2     │
│.order_review││             │               │   (price +  │                              │   order_id  │               │ count_star()│                              │ .order_items││   .orders   ││      #3     │
│      s      ││ Conditions: │               │ freight_valu│                              │order_purchas│               │             │                              │             ││             ││      #4     │
│             ││ customer_id │               │      e)     │                              │ e_timestamp │               │             │                              │    Type:    ││    Type:    ││      #5     │
│    Type:    ││= customer_id│               │   order_id  │                              │             │               │             │                              │  Sequential ││  Sequential ││             │
│  Sequential ││             │               │             │                              │             │               │             │                              │     Scan    ││     Scan    ││             │
│     Scan    ││             │               │             │                              │             │               │    0.00s    │                              │             ││             ││             │
│             ││             │               │             │                              │             │               │             │                              │ Projections:││ Projections:││             │
│ Projections:││             │               │             │                              │    0.00s    │               │             │                              │   order_id  ││ customer_id ││    0.00s    │
│   order_id  ││    0.02s    │               │    0.00s    │                              │             │               │             │                              │  product_id ││   order_id  ││             │
│ review_score││             │               │             │                              │             │               │             │                              │             ││             ││             │
│  review_id  ││             │               │             │                              │             │               │             │                              │Dynamic Filte││   Filters:  ││             │
│             ││             │               │             │                              │             │               │             │                              │     rs:     ││(order_status││             │
│Dynamic Filte││             │               │             │                              │             │               │             │                              │  optional:  ││   NOT IN (  ││             │
│     rs:     ││             │               │             │                              │             │               │             │                              │  order_id>= ││ 'canceled', ││             │
│  optional:  ││             ├───────┐       │             │                              │             │               │             │                              │'00010242fe8c││ 'unavailable││             │
│  order_id>= ││             │       │       │             │                              │             │               │             │                              │5a6d1ba2dd792││     '))     ││             │
│'00010242fe8c││             │       │       │             │                              │             │               │             │                              │ cb16214' AND││             ││             │
│5a6d1ba2dd792││             │       │       │             │                              │             │               │             │                              │   optional: ││             ││             │
│ cb16214' AND││             │       │       │             │                              │             │               │             │                              │  order_id<= ││             ││             │
│   optional: ││             │       │       │             │                              │             │               │             │                              │'fffe41c64501││             ││             │
│  order_id<= ││             │       │       │             │                              │             │               │             │                              │cc87c801fd61d││    0.02s    ││             │
│'fffe41c64501││             │       │       │             │                              │             │               │             │                              │ b3f6244' AND││             ││             │
│cc87c801fd61d││             │       │       │             │                              │             │               │             │                              │   optional: ││             ││             │
│ b3f6244' AND││             │       │       │             │                              │             │               │             │                              │  order_id IN││             ││             │
│   optional: ││             │       │       │             │                              │             │               │             │                              │ BF(order_id)││             ││             │
│  order_id IN││             │       │       │             │                              │             │               │             │                              │             ││             ││             │
│ BF(order_id)││             │       │       │             │                              │             │               │             │                              │             ││             ││             │
│             ││             │       │       │             │                              │             │               │             │                              │             ││             ││             │
│             ││             │       │       │             │                              │             │               │             │                              │             ││             ││             │
│             ││             │       │       │             │                              │             │               │             │                              │    0.02s    ││             ││             │
│ 97,238 rows ││ 98,207 rows │       │       │ 112,101 rows│                              │ 98,207 rows │               │    1 row    │                              │ 112,102 rows││ 98,207 rows ││  3,216 rows │
│    0.04s    ││   (0.02s)   │       │       │   (0.00s)   │                              │   (0.00s)   │               │   (0.00s)   │                              │   (0.02s)   ││   (0.02s)   ││   (0.00s)   │
└─────────────┘└──────┬──────┘       │       └──────┬──────┘                              └──────┬──────┘               └──────┬──────┘                              └─────────────┘└─────────────┘└──────┬──────┘
               ┌──────┴──────┐┌──────┴──────┐┌──────┴──────┐                              ┌──────┴──────┐               ┌──────┴──────┐                                                            ┌──────┴──────┐
               │  TABLE_SCAN ││  TABLE_SCAN ││  HASH_JOIN  │                              │  HASH_JOIN  │               │  PROJECTION │                                                            │    FILTER   │
               │    ──────   ││    ──────   ││    ──────   │                              │    ──────   │               │    ──────   │                                                            │    ──────   │
               │    Table:   ││    Table:   ││  Join Type: │                              │  Join Type: │               │      #0     │                                                            │(montant_comm│
               │  olist.main ││  olist.main ││    INNER    │                              │    INNER    │               │             │                                                            │ande_preceden│
               │  .customers ││   .orders   ││             │                              │             │               │             │                                                            │  te IS NOT  │
               │             ││             ││ Conditions: │                              │ Conditions: │               │             │                                                            │     NULL)   │
               │    Type:    ││    Type:    ││ customer_id │                              │ customer_id │               │             │                                                            │             │
               │  Sequential ││  Sequential ││= customer_id│                              │= customer_id│               │    0.00s    │                                                            │             │
               │     Scan    ││     Scan    ││             │                              │             │               │             │                                                            │             │
               │             ││             ││             │                              │             │               │             │                                                            │             │
               │ Projections:││ Projections:││             │                              │             │               │             │                                                            │    0.00s    │
               │ customer_id ││ customer_id ││             │                              │             │               │             │                                                            │             │
               │customer_uniq││   order_id  ││    0.03s    │                              │    0.02s    │               │             │                                                            │             │
               │    ue_id    ││             ││             │                              │             │               │             │                                                            │             │
               │             ││   Filters:  ││             │                              │             │               │             │                                                            │             │
               │Dynamic Filte││(order_status││             │                              │             │               │             │                                                            │             │
               │     rs:     ││   NOT IN (  ││             │                              │             │               │             │                                                            │             │
               │  optional:  ││ 'canceled', ││             │                              │             │               │             │                                                            │             │
               │  customer_id││ 'unavailable││             ├───────┐                      │             ├───────┐       │             │                                                            │             │
               │>='00012a2ce6││     '))     ││             │       │                      │             │       │       │             │                                                            │             │
               │f8dcda20d059c││             ││             │       │                      │             │       │       │             │                                                            │             │
               │  e98491703' ││             ││             │       │                      │             │       │       │             │                                                            │             │
               │ AND optional││             ││             │       │                      │             │       │       │             │                                                            │             │
               │: customer_id││             ││             │       │                      │             │       │       │             │                                                            │             │
               │<='ffffa31725││    0.02s    ││             │       │                      │             │       │       │             │                                                            │             │
               │27f765de70084││             ││             │       │                      │             │       │       │             │                                                            │             │
               │  a7e53aae8' ││             ││             │       │                      │             │       │       │             │                                                            │             │
               │ AND optional││             ││             │       │                      │             │       │       │             │                                                            │             │
               │: customer_id││             ││             │       │                      │             │       │       │             │                                                            │             │
               │ IN BF(custom││             ││             │       │                      │             │       │       │             │                                                            │             │
               │    er_id)   ││             ││             │       │                      │             │       │       │             │                                                            │             │
               │             ││             ││             │       │                      │             │       │       │             │                                                            │             │
               │             ││             ││             │       │                      │             │       │       │             │                                                            │             │
               │             ││             ││             │       │                      │             │       │       │             │                                                            │             │
               │ 98,209 rows ││ 98,207 rows ││ 112,101 rows│       │                      │ 98,207 rows │       │       │    1 row    │                                                            │  3,216 rows │
               │    0.02s    ││   (0.02s)   ││   (0.03s)   │       │                      │   (0.02s)   │       │       │   (0.00s)   │                                                            │   (0.00s)   │
               └─────────────┘└─────────────┘└──────┬──────┘       │                      └──────┬──────┘       │       └──────┬──────┘                                                            └──────┬──────┘
                                             ┌──────┴──────┐┌──────┴──────┐               ┌──────┴──────┐┌──────┴──────┐┌──────┴──────┐                                                            ┌──────┴──────┐
                                             │  TABLE_SCAN ││  HASH_JOIN  │               │  TABLE_SCAN ││  TABLE_SCAN ││COLUMN_D...  │                                                            │  PROJECTION │
                                             │    ──────   ││    ──────   │               │    ──────   ││    ──────   ││             │                                                            │    ──────   │
                                             │    Table:   ││  Join Type: │               │    Table:   ││    Table:   ││             │                                                            │      #0     │
                                             │  olist.main ││    INNER    │               │  olist.main ││  olist.main ││    0.00s    │                                                            │      #1     │
                                             │  .customers ││             │               │  .customers ││   .orders   ││             │                                                            │      #2     │
                                             │             ││ Conditions: │               │             ││             ││             │                                                            │      #3     │
                                             │    Type:    ││  order_id = │               │    Type:    ││    Type:    ││             │                                                            │      #4     │
                                             │  Sequential ││   order_id  │               │  Sequential ││  Sequential ││             │                                                            │      #5     │
                                             │     Scan    ││             │               │     Scan    ││     Scan    ││             │                                                            │             │
                                             │             ││             │               │             ││             ││             │                                                            │             │
                                             │ Projections:││             │               │ Projections:││ Projections:││             │                                                            │             │
                                             │ customer_id ││             │               │ customer_id ││ customer_id ││             │                                                            │             │
                                             │customer_uniq││    0.02s    │               │customer_uniq││   order_id  ││             │                                                            │    0.00s    │
                                             │    ue_id    ││             │               │    ue_id    ││order_purchas││             │                                                            │             │
                                             │             ││             │               │             ││ e_timestamp ││             │                                                            │             │
                                             │Dynamic Filte││             │               │Dynamic Filte││             ││             │                                                            │             │
                                             │     rs:     ││             │               │     rs:     ││   Filters:  ││             │                                                            │             │
                                             │  optional:  ││             │               │  optional:  ││(order_status││             │                                                            │             │
                                             │  customer_id││             ├───────┐       │  customer_id││   NOT IN (  ││             │                                                            │             │
                                             │>='00012a2ce6││             │       │       │>='00012a2ce6││ 'canceled', ││             │                                                            │             │
                                             │f8dcda20d059c││             │       │       │f8dcda20d059c││ 'unavailable││             │                                                            │             │
                                             │  e98491703' ││             │       │       │  e98491703' ││     '))     ││             │                                                            │             │
                                             │ AND optional││             │       │       │ AND optional││             ││             │                                                            │             │
                                             │: customer_id││             │       │       │: customer_id││             ││             │                                                            │             │
                                             │<='ffffa31725││             │       │       │<='ffffa31725││             ││             │                                                            │             │
                                             │27f765de70084││             │       │       │27f765de70084││             ││             │                                                            │             │
                                             │  a7e53aae8' ││             │       │       │  a7e53aae8' ││    0.02s    ││             │                                                            │             │
                                             │             ││             │       │       │ AND optional││             ││             │                                                            │             │
                                             │             ││             │       │       │: customer_id││             ││             │                                                            │             │
                                             │             ││             │       │       │ IN BF(custom││             ││             │                                                            │             │
                                             │             ││             │       │       │    er_id)   ││             ││             │                                                            │             │
                                             │    0.01s    ││             │       │       │             ││             ││             │                                                            │             │
                                             │             ││             │       │       │             ││             ││             │                                                            │             │
                                             │             ││             │       │       │             ││             ││             │                                                            │             │
                                             │ 99,441 rows ││ 112,101 rows│       │       │ 98,209 rows ││ 98,207 rows ││    1 row    │                                                            │ 98,199 rows │
                                             │   (0.01s)   ││   (0.02s)   │       │       │    0.01s    ││   (0.02s)   ││   (0.00s)   │                                                            │   (0.00s)   │
                                             └─────────────┘└──────┬──────┘       │       └─────────────┘└─────────────┘└─────────────┘                                                            └──────┬──────┘
                                                            ┌──────┴──────┐┌──────┴──────┐                                                                                                         ┌──────┴──────┐
                                                            │  TABLE_SCAN ││  TABLE_SCAN │                                                                                                         │    WINDOW   │
                                                            │    ──────   ││    ──────   │                                                                                                         │    ──────   │
                                                            │    Table:   ││    Table:   │                                                                                                         │ Projections:│
                                                            │  olist.main ││  olist.main │                                                                                                         │   LAG(sum(  │
                                                            │ .order_items││   .orders   │                                                                                                         │   (price +  │
                                                            │             ││             │                                                                                                         │ freight_valu│
                                                            │    Type:    ││    Type:    │                                                                                                         │  e))) OVER  │
                                                            │  Sequential ││  Sequential │                                                                                                         │  (PARTITION │
                                                            │     Scan    ││     Scan    │                                                                                                         │ BY customer_│
                                                            │             ││             │                                                                                                         │  unique_id  │
                                                            │ Projections:││ Projections:│                                                                                                         │   ORDER BY  │
                                                            │   order_id  ││ customer_id │                                                                                                         │ order_purcha│
                                                            │    price    ││   order_id  │                                                                                                         │ se_timestamp│
                                                            │freight_value││             │                                                                                                         │   ASC NULLS │
                                                            │             ││   Filters:  │                                                                                                         │     LAST)   │
                                                            │Dynamic Filte││(order_status│                                                                                                         │LAG(order_pur│
                                                            │     rs:     ││   NOT IN (  │                                                                                                         │chase_timesta│
                                                            │  optional:  ││ 'canceled', │                                                                                                         │  mp) OVER   │
                                                            │  order_id>= ││ 'unavailable│                                                                                                         │  (PARTITION │
                                                            │'00010242fe8c││     '))     │                                                                                                         │ BY customer_│
                                                            │5a6d1ba2dd792││             │                                                                                                         │  unique_id  │
                                                            │ cb16214' AND││             │                                                                                                         │   ORDER BY  │
                                                            │   optional: ││             │                                                                                                         │ order_purcha│
                                                            │  order_id<= ││             │                                                                                                         │ se_timestamp│
                                                            │'fffe41c64501││    0.02s    │                                                                                                         │   ASC NULLS │
                                                            │cc87c801fd61d││             │                                                                                                         │     LAST)   │
                                                            │ b3f6244' AND││             │                                                                                                         │             │
                                                            │   optional: ││             │                                                                                                         │             │
                                                            │  order_id IN││             │                                                                                                         │             │
                                                            │ BF(order_id)││             │                                                                                                         │             │
                                                            │             ││             │                                                                                                         │    0.07s    │
                                                            │             ││             │                                                                                                         │             │
                                                            │             ││             │                                                                                                         │             │
                                                            │ 112,102 rows││ 98,207 rows │                                                                                                         │ 98,199 rows │
                                                            │    0.01s    ││   (0.02s)   │                                                                                                         │   (0.07s)   │
                                                            └─────────────┘└─────────────┘                                                                                                         └──────┬──────┘
                                                                                                                                                                                                   ┌──────┴──────┐
                                                                                                                                                                                                   │HASH_GROUP_BY│
                                                                                                                                                                                                   │    ──────   │
                                                                                                                                                                                                   │   Groups:   │
                                                                                                                                                                                                   │      #0     │
                                                                                                                                                                                                   │      #1     │
                                                                                                                                                                                                   │      #2     │
                                                                                                                                                                                                   │             │
                                                                                                                                                                                                   │ Aggregates: │
                                                                                                                                                                                                   │   sum(#3)   │
                                                                                                                                                                                                   │             │
                                                                                                                                                                                                   │             │
                                                                                                                                                                                                   │             │
                                                                                                                                                                                                   │ 98,199 rows │
                                                                                                                                                                                                   │    0.04s    │
                                                                                                                                                                                                   └──────┬──────┘
                                                                                                                                                                                                   ┌──────┴──────┐
                                                                                                                                                                                                   │  PROJECTION │
                                                                                                                                                                                                   │    ──────   │
                                                                                                                                                                                                   │customer_uniq│
                                                                                                                                                                                                   │    ue_id    │
                                                                                                                                                                                                   │   order_id  │
                                                                                                                                                                                                   │order_purchas│
                                                                                                                                                                                                   │ e_timestamp │
                                                                                                                                                                                                   │   (price +  │
                                                                                                                                                                                                   │ freight_valu│
                                                                                                                                                                                                   │      e)     │
                                                                                                                                                                                                   │             │
                                                                                                                                                                                                   │             │
                                                                                                                                                                                                   │             │
                                                                                                                                                                                                   │ 112,101 rows│
                                                                                                                                                                                                   │    0.00s    │
                                                                                                                                                                                                   └──────┬──────┘
                                                                                                                                                                                                   ┌──────┴──────┐
                                                                                                                                                                                                   │  HASH_JOIN  │
                                                                                                                                                                                                   │    ──────   │
                                                                                                                                                                                                   │  Join Type: │
                                                                                                                                                                                                   │    INNER    │
                                                                                                                                                                                                   │             │
                                                                                                                                                                                                   │ Conditions: │
                                                                                                                                                                                                   │ customer_id ├───────┐
                                                                                                                                                                                                   │= customer_id│       │
                                                                                                                                                                                                   │             │       │
                                                                                                                                                                                                   │             │       │
                                                                                                                                                                                                   │             │       │
                                                                                                                                                                                                   │ 112,101 rows│       │
                                                                                                                                                                                                   │    0.03s    │       │
                                                                                                                                                                                                   └──────┬──────┘       │
                                                                                                                                                                                                   ┌──────┴──────┐┌──────┴──────┐
                                                                                                                                                                                                   │  TABLE_SCAN ││  HASH_JOIN  │
                                                                                                                                                                                                   │    ──────   ││    ──────   │
                                                                                                                                                                                                   │    Table:   ││  Join Type: │
                                                                                                                                                                                                   │  olist.main ││    INNER    │
                                                                                                                                                                                                   │  .customers ││             │
                                                                                                                                                                                                   │             ││ Conditions: │
                                                                                                                                                                                                   │    Type:    ││  order_id = │
                                                                                                                                                                                                   │  Sequential ││   order_id  │
                                                                                                                                                                                                   │     Scan    ││             │
                                                                                                                                                                                                   │             ││             │
                                                                                                                                                                                                   │ Projections:││             │
                                                                                                                                                                                                   │ customer_id ││             │
                                                                                                                                                                                                   │customer_uniq││    0.02s    │
                                                                                                                                                                                                   │    ue_id    ││             │
                                                                                                                                                                                                   │             ││             │
                                                                                                                                                                                                   │Dynamic Filte││             │
                                                                                                                                                                                                   │     rs:     ││             ├───────┐
                                                                                                                                                                                                   │  optional:  ││             │       │
                                                                                                                                                                                                   │  customer_id││             │       │
                                                                                                                                                                                                   │>='00012a2ce6││             │       │
                                                                                                                                                                                                   │f8dcda20d059c││             │       │
                                                                                                                                                                                                   │  e98491703' ││             │       │
                                                                                                                                                                                                   │ AND optional││             │       │
                                                                                                                                                                                                   │: customer_id││             │       │
                                                                                                                                                                                                   │<='ffffa31725││             │       │
                                                                                                                                                                                                   │27f765de70084││             │       │
                                                                                                                                                                                                   │  a7e53aae8' ││             │       │
                                                                                                                                                                                                   │             ││             │       │
                                                                                                                                                                                                   │             ││             │       │
                                                                                                                                                                                                   │             ││             │       │
                                                                                                                                                                                                   │ 99,441 rows ││ 112,101 rows│       │
                                                                                                                                                                                                   │    0.01s    ││   (0.02s)   │       │
                                                                                                                                                                                                   └─────────────┘└──────┬──────┘       │
                                                                                                                                                                                                                  ┌──────┴──────┐┌──────┴──────┐
                                                                                                                                                                                                                  │  TABLE_SCAN ││  TABLE_SCAN │
                                                                                                                                                                                                                  │    ──────   ││    ──────   │
                                                                                                                                                                                                                  │    Table:   ││    Table:   │
                                                                                                                                                                                                                  │  olist.main ││  olist.main │
                                                                                                                                                                                                                  │ .order_items││   .orders   │
                                                                                                                                                                                                                  │             ││             │
                                                                                                                                                                                                                  │    Type:    ││    Type:    │
                                                                                                                                                                                                                  │  Sequential ││  Sequential │
                                                                                                                                                                                                                  │     Scan    ││     Scan    │
                                                                                                                                                                                                                  │             ││             │
                                                                                                                                                                                                                  │ Projections:││ Projections:│
                                                                                                                                                                                                                  │   order_id  ││ customer_id │
                                                                                                                                                                                                                  │    price    ││   order_id  │
                                                                                                                                                                                                                  │freight_value││order_purchas│
                                                                                                                                                                                                                  │             ││ e_timestamp │
                                                                                                                                                                                                                  │Dynamic Filte││             │
                                                                                                                                                                                                                  │     rs:     ││   Filters:  │
                                                                                                                                                                                                                  │  optional:  ││(order_status│
                                                                                                                                                                                                                  │  order_id>= ││   NOT IN (  │
                                                                                                                                                                                                                  │'00010242fe8c││ 'canceled', │
                                                                                                                                                                                                                  │5a6d1ba2dd792││ 'unavailable│
                                                                                                                                                                                                                  │ cb16214' AND││     '))     │
                                                                                                                                                                                                                  │   optional: ││             │
                                                                                                                                                                                                                  │  order_id<= ││             │
                                                                                                                                                                                                                  │'fffe41c64501││             │
                                                                                                                                                                                                                  │cc87c801fd61d││             │
                                                                                                                                                                                                                  │ b3f6244' AND││    0.02s    │
                                                                                                                                                                                                                  │   optional: ││             │
                                                                                                                                                                                                                  │  order_id IN││             │
                                                                                                                                                                                                                  │ BF(order_id)││             │
                                                                                                                                                                                                                  │             ││             │
                                                                                                                                                                                                                  │             ││             │
                                                                                                                                                                                                                  │             ││             │
                                                                                                                                                                                                                  │ 112,102 rows││ 98,207 rows │
                                                                                                                                                                                                                  │    0.02s    ││   (0.02s)   │
                                                                                                                                                                                                                  └─────────────┘└─────────────┘
┌─────────────────────────────────────┐
│┌───────────────────────────────────┐│
││    Query Profiling Information    ││
│└───────────────────────────────────┘│
└─────────────────────────────────────┘
EXPLAIN ANALYZE SELECT * FROM v_customer_features LIMIT 10;
┌────────────────────────────────────────────────┐
│┌──────────────────────────────────────────────┐│
││              Total Time: 0.149s              ││
│└──────────────────────────────────────────────┘│
└────────────────────────────────────────────────┘
┌─────────────┐
│    QUERY    │
└──────┬──────┘
┌──────┴──────┐
│EXPLAIN_...  │
│    ──────   │
│             │
│    0 rows   │
│    0.00s    │
└──────┬──────┘
┌──────┴──────┐
│  PROJECTION │
│    ──────   │
│customer_uniq│
│    ue_id    │
│ nb_commandes│
│jours_depuis_│
│derniere_comm│
│     ande    │
│valeur_totale│
│ panier_moyen│
│panier_moyen_│
│ par_commande│
│score_moyen_r│
│    eviews   │
│  nb_reviews │
│nb_mauvaises_│
│   reviews   │
│pct_mauvaises│
│   _reviews  │
│nb_categories│
│ _distinctes │
│delai_moyen_i│
│nter_commande│
│      s      │
│tendance_pani│
│      er     │
│rang_par_vale│
│      ur     │
│mode_paiement│
│   _prefere  │
│nb_moyen_vers│
│    ements   │
│  est_churne │
│segment_clien│
│      t      │
│             │
│             │
│             │
│   10 rows   │
│    0.00s    │
└──────┬──────┘
┌──────┴──────┐
│STREAMIN...  │
│    ──────   │
│             │
│   10 rows   │
│    0.00s    │
└──────┬──────┘
┌──────┴──────┐
│  HASH_JOIN  │
│    ──────   │
│  Join Type: │
│     LEFT    │
│             │
│ Conditions: │
│customer_uniq│
│ue_id = custo├─────────────────────────────────────────────────────────────────────────────────────────────────────────────────────────────────────────────────────────────────────────────────────────────────────────────────────────────────
│mer_unique_id│                                                                                                                                                                                                                                 
│             │                                                                                                                                                                                                                                 
│             │                                                                                                                                                                                                                                 
│             │                                                                                                                                                                                                                                 
│  2,987 rows │                                                                                                                                                                                                                                 
│    0.01s    │                                                                                                                                                                                                                                 
└──────┬──────┘                                                                                                                                                                                                                                 
┌──────┴──────┐                                                                                                                                                                                                                                 
│  HASH_JOIN  │                                                                                                                                                                                                                                 
│    ──────   │                                                                                                                                                                                                                                 
│  Join Type: │                                                                                                                                                                                                                                 
│     LEFT    │                                                                                                                                                                                                                                 
│             │                                                                                                                                                                                                                                 
│ Conditions: │                                                                                                                                                                                                                                 
│customer_uniq│                                                                                                                                                                                                                                 
│ue_id = custo├───────────────────────────────────────────────────────────────────────────────────────────────────────────────────────────────────────────────────────────────────────────────────────────┐                                     
│mer_unique_id│                                                                                                                                                                                           │                                     
│             │                                                                                                                                                                                           │                                     
│             │                                                                                                                                                                                           │                                     
│             │                                                                                                                                                                                           │                                     
│  2,987 rows │                                                                                                                                                                                           │                                     
│    0.00s    │                                                                                                                                                                                           │                                     
└──────┬──────┘                                                                                                                                                                                           │                                     
┌──────┴──────┐                                                                                                                                                                                    ┌──────┴──────┐                              
│  HASH_JOIN  │                                                                                                                                                                                    │  PROJECTION │                              
│    ──────   │                                                                                                                                                                                    │    ──────   │                              
│  Join Type: │                                                                                                                                                                                    │customer_uniq│                              
│     LEFT    │                                                                                                                                                                                    │    ue_id    │                              
│             │                                                                                                                                                                                    │delai_moyen_i│                              
│ Conditions: │                                                                                                                                                                                    │nter_commande│                              
│customer_uniq│                                                                                                                                                                                    │      s      │                              
│ue_id = custo│                                                                                                                                                                                    │tendance_pani│                              
│mer_unique_id├───────────────────────────────────────────────────────────────────────────────────────────────────────────────────────────────┐                                                    │      er     │                              
│             │                                                                                                                               │                                                    │rang_par_vale│                              
│             │                                                                                                                               │                                                    │      ur     │                              
│             │                                                                                                                               │                                                    │             │                              
│             │                                                                                                                               │                                                    │             │                              
│    0.01s    │                                                                                                                               │                                                    │             │                              
│ 26,622 rows │                                                                                                                               │                                                    │  2,887 rows │                              
│   (0.01s)   │                                                                                                                               │                                                    │    0.00s    │                              
└──────┬──────┘                                                                                                                               │                                                    └──────┬──────┘                              
┌──────┴──────┐                                                                                                                        ┌──────┴──────┐                                             ┌──────┴──────┐                              
│  HASH_JOIN  │                                                                                                                        │HASH_GROUP_BY│                                             │  PROJECTION │                              
│    ──────   │                                                                                                                        │    ──────   │                                             │    ──────   │                              
│  Join Type: │                                                                                                                        │   Groups:   │                                             │      #0     │                              
│    RIGHT    │                                                                                                                        │      #0     │                                             │      #1     │                              
│             │                                                                                                                        │             │                                             │      #2     │                              
│ Conditions: │                                                                                                                        │ Aggregates: │                                             │      #3     │                              
│customer_uniq│                                                                                                                        │count(DISTINC│                                             │      #4     │                              
│ue_id = custo├─────────────────────────────────────┐                                                                                  │    T #1)    │                                             │             │                              
│mer_unique_id│                                     │                                                                                  │             │                                             │             │                              
│             │                                     │                                                                                  │             │                                             │             │                              
│             │                                     │                                                                                  │             │                                             │             │                              
│             │                                     │                                                                                  │             │                                             │    0.00s    │                              
│ 26,624 rows │                                     │                                                                                  │    0.03s    │                                             │  2,887 rows │                              
│    0.01s    │                                     │                                                                                  │   (0.03s)   │                                             │   (0.00s)   │                              
└──────┬──────┘                                     │                                                                                  └──────┬──────┘                                             └──────┬──────┘                              
┌──────┴──────┐                              ┌──────┴──────┐                                                                           ┌──────┴──────┐                                             ┌──────┴──────┐                              
│  PROJECTION │                              │  HASH_JOIN  │                                                                           │  PROJECTION │                                             │    WINDOW   │                              
│    ──────   │                              │    ──────   │                                                                           │    ──────   │                                             │    ──────   │                              
│customer_uniq│                              │  Join Type: │                                                                           │customer_uniq│                                             │ Projections:│                              
│    ue_id    │                              │    RIGHT    │                                                                           │    ue_id    │                                             │ RANK() OVER │                              
│score_moyen_r│                              │             │                                                                           │   COALESCE  │                                             │  (ORDER BY  │                              
│    eviews   │                              │ Conditions: │                                                                           │(product_cate│                                             │ avg(montant_│                              
│  nb_reviews │                              │customer_uniq│                                                                           │ gory_name,  │                                             │  commande)  │                              
│nb_mauvaises_│                              │ue_id = custo│                                                                           │  'unknown') │                                             │  DESC NULLS │                              
│   reviews   │                              │mer_unique_id│                                                                           │             │                                             │     LAST)   │                              
│pct_mauvaises│                              │             │                                                                           │             │                                             │             │                              
│   _reviews  │                              │             │                                                                           │             │                                             │             │                              
│             │                              │             │                                                                           │             │                                             │             │                              
│             │                              │             │                                                                           │    0.00s    │                                             │             │                              
│             │                              │    0.02s    │                                                                           │             │                                             │    0.00s    │                              
│             │                              │             │                                                                           │             │                                             │             │                              
│    0.00s    │                              │             │                                                                           │             │                                             │             │                              
│             │                              │             ├─────────────────────────────────────┐                                     │             │                                             │             │                              
│             │                              │             │                                     │                                     │             │                                             │             │                              
│             │                              │             │                                     │                                     │             │                                             │             │                              
│             │                              │             │                                     │                                     │             │                                             │             │                              
│             │                              │             │                                     │                                     │             │                                             │             │                              
│             │                              │             │                                     │                                     │             │                                             │             │                              
│             │                              │             │                                     │                                     │             │                                             │             │                              
│             │                              │             │                                     │                                     │             │                                             │             │                              
│             │                              │             │                                     │                                     │             │                                             │             │                              
│             │                              │             │                                     │                                     │             │                                             │             │                              
│             │                              │             │                                     │                                     │             │                                             │             │                              
│             │                              │             │                                     │                                     │             │                                             │             │                              
│             │                              │             │                                     │                                     │             │                                             │             │                              
│             │                              │             │                                     │                                     │             │                                             │             │                              
│ 24,576 rows │                              │ 94,990 rows │                                     │                                     │ 112,101 rows│                                             │  2,887 rows │                              
│   (0.00s)   │                              │   (0.02s)   │                                     │                                     │   (0.00s)   │                                             │   (0.00s)   │                              
└──────┬──────┘                              └──────┬──────┘                                     │                                     └──────┬──────┘                                             └──────┬──────┘                              
┌──────┴──────┐                              ┌──────┴──────┐                              ┌──────┴──────┐                              ┌──────┴──────┐                                             ┌──────┴──────┐                              
│HASH_GROUP_BY│                              │  PROJECTION │                              │  PROJECTION │                              │  HASH_JOIN  │                                             │HASH_GROUP_BY│                              
│    ──────   │                              │    ──────   │                              │    ──────   │                              │    ──────   │                                             │    ──────   │                              
│   Groups:   │                              │customer_uniq│                              │customer_uniq│                              │  Join Type: │                                             │   Groups:   │                              
│      #0     │                              │    ue_id    │                              │    ue_id    │                              │    INNER    │                                             │      #0     │                              
│             │                              │valeur_totale│                              │ nb_commandes│                              │             │                                             │             │                              
│ Aggregates: │                              │ panier_moyen│                              │jours_depuis_│                              │ Conditions: │                                             │ Aggregates: │                              
│   avg(#1)   │                              │panier_moyen_│                              │derniere_comm│                              │ customer_id │                                             │   avg(#1)   │                              
│  count(#2)  │                              │ par_commande│                              │     ande    │                              │= customer_id│                                             │   avg(#2)   │                              
│  count(#3)  │                              │             │                              │             │                              │             │                                             │   avg(#3)   │                              
│    FILTER   │                              │             │                              │             │                              │             │                                             │             │                              
│  (WHERE #3) │                              │             │                              │             │                              │             │                                             │             │                              
│  Filter: #3 │                              │             │                              │             │                              │             │                                             │             │                              
│             │                              │    0.00s    │                              │    0.00s    │                              │    0.03s    │                                             │             │                              
│             │                              │             │                              │             │                              │             │                                             │    0.00s    │                              
│             │                              │             │                              │             │                              │             │                                             │             │                              
│             │                              │             │                              │             │                              │             │                                             │             │                              
│    0.04s    │                              │             │                              │             │                              │             │                                             │             │                              
│             │                              │             │                              │             │                              │             │                                             │             │                              
│             │                              │             │                              │             │                              │             ├───────┐                                     │             │                              
│             │                              │             │                              │             │                              │             │       │                                     │             │                              
│             │                              │             │                              │             │                              │             │       │                                     │             │                              
│             │                              │             │                              │             │                              │             │       │                                     │             │                              
│             │                              │             │                              │             │                              │             │       │                                     │             │                              
│             │                              │             │                              │             │                              │             │       │                                     │             │                              
│             │                              │             │                              │             │                              │             │       │                                     │             │                              
│             │                              │             │                              │             │                              │             │       │                                     │             │                              
│             │                              │             │                              │             │                              │             │       │                                     │             │                              
│             │                              │             │                              │             │                              │             │       │                                     │             │                              
│             │                              │             │                              │             │                              │             │       │                                     │             │                              
│             │                              │             │                              │             │                              │             │       │                                     │             │                              
│             │                              │             │                              │             │                              │             │       │                                     │             │                              
│             │                              │             │                              │             │                              │             │       │                                     │             │                              
│             │                              │             │                              │             │                              │             │       │                                     │             │                              
│             │                              │             │                              │             │                              │             │       │                                     │             │                              
│             │                              │             │                              │             │                              │             │       │                                     │             │                              
│ 24,576 rows │                              │ 94,983 rows │                              │ 94,990 rows │                              │ 112,101 rows│       │                                     │  2,887 rows │                              
│   (0.04s)   │                              │   (0.00s)   │                              │   (0.00s)   │                              │   (0.03s)   │       │                                     │   (0.00s)   │                              
└──────┬──────┘                              └──────┬──────┘                              └──────┬──────┘                              └──────┬──────┘       │                                     └──────┬──────┘                              
┌──────┴──────┐                              ┌──────┴──────┐                              ┌──────┴──────┐                              ┌──────┴──────┐┌──────┴──────┐                              ┌──────┴──────┐
│  PROJECTION │                              │HASH_GROUP_BY│                              │CROSS_PRODUCT│                              │  TABLE_SCAN ││  HASH_JOIN  │                              │  PROJECTION │
│    ──────   │                              │    ──────   │                              │    ──────   │                              │    ──────   ││    ──────   │                              │    ──────   │
│customer_uniq│                              │   Groups:   │                              │             │                              │    Table:   ││  Join Type: │                              │customer_uniq│
│    ue_id    │                              │      #0     │                              │             │                              │  olist.main ││    INNER    │                              │    ue_id    │
│ review_score│                              │             │                              │    0.00s    │                              │  .customers ││             │                              │delai_inter_c│
│  review_id  │                              │ Aggregates: │                              │             │                              │             ││ Conditions: │                              │ommandes_jour│
│  review_id  │                              │   sum(#1)   │                              │             │                              │    Type:    ││ product_id =│                              │      s      │
│(review_score│                              │   avg(#2)   │                              │             │                              │  Sequential ││  product_id │                              │(montant_comm│
│     <= 2)   │                              │count(DISTINC│                              │             │                              │     Scan    ││             │                              │ande - montan│
│             │                              │    T #3)    │                              │             │                              │             ││             │                              │t_commande_pr│
│             │                              │             │                              │             │                              │ Projections:││             │                              │  ecedente)  │
│             │                              │             │                              │             │                              │ customer_id ││             │                              │montant_comma│
│             │                              │             │                              │             │                              │customer_uniq││    0.02s    │                              │     nde     │
│    0.00s    │                              │             │                              │             │                              │    ue_id    ││             │                              │             │
│             │                              │    0.07s    │                              │             │                              │             ││             │                              │             │
│             │                              │             │                              │             │                              │Dynamic Filte││             │                              │             │
│             │                              │             │                              │             ├──────────────────────┐       │     rs:     ││             ├───────┐                      │             │
│             │                              │             │                              │             │                      │       │  optional:  ││             │       │                      │    0.00s    │
│             │                              │             │                              │             │                      │       │  customer_id││             │       │                      │             │
│             │                              │             │                              │             │                      │       │>='00012a2ce6││             │       │                      │             │
│             │                              │             │                              │             │                      │       │f8dcda20d059c││             │       │                      │             │
│             │                              │             │                              │             │                      │       │  e98491703' ││             │       │                      │             │
│             │                              │             │                              │             │                      │       │ AND optional││             │       │                      │             │
│             │                              │             │                              │             │                      │       │: customer_id││             │       │                      │             │
│             │                              │             │                              │             │                      │       │<='ffffa31725││             │       │                      │             │
│             │                              │             │                              │             │                      │       │27f765de70084││             │       │                      │             │
│             │                              │             │                              │             │                      │       │  a7e53aae8' ││             │       │                      │             │
│             │                              │             │                              │             │                      │       │             ││             │       │                      │             │
│             │                              │             │                              │             │                      │       │             ││             │       │                      │             │
│             │                              │             │                              │             │                      │       │             ││             │       │                      │             │
│ 98,483 rows │                              │ 94,983 rows │                              │ 94,990 rows │                      │       │ 99,441 rows ││ 112,101 rows│       │                      │  3,216 rows │
│   (0.00s)   │                              │   (0.07s)   │                              │   (0.00s)   │                      │       │    0.01s    ││   (0.02s)   │       │                      │   (0.00s)   │
└──────┬──────┘                              └──────┬──────┘                              └──────┬──────┘                      │       └─────────────┘└──────┬──────┘       │                      └──────┬──────┘
┌──────┴──────┐                              ┌──────┴──────┐                              ┌──────┴──────┐               ┌──────┴──────┐               ┌──────┴──────┐┌──────┴──────┐               ┌──────┴──────┐
│  HASH_JOIN  │                              │  PROJECTION │                              │HASH_GROUP_BY│               │  PROJECTION │               │  TABLE_SCAN ││  HASH_JOIN  │               │  PROJECTION │
│    ──────   │                              │    ──────   │                              │    ──────   │               │    ──────   │               │    ──────   ││    ──────   │               │    ──────   │
│  Join Type: │                              │customer_uniq│                              │   Groups:   │               │ CASE  WHEN (│               │    Table:   ││  Join Type: │               │customer_uniq│
│    RIGHT    │                              │    ue_id    │                              │      #0     │               │  (#1 > 1))  │               │  olist.main ││    INNER    │               │    ue_id    │
│             │                              │      #1     │                              │             │               │ THEN ("error│               │  .products  ││             │               │montant_comma│
│ Conditions: │                              │      #1     │                              │ Aggregates: │               │ "('More than│               │             ││ Conditions: │               │     nde     │
│  order_id = │                              │   order_id  │                              │count(DISTINC│               │    one row  │               │    Type:    ││  order_id = │               │montant_comma│
│   order_id  │                              │             │                              │    T #1)    │               │  returned by│               │  Sequential ││   order_id  │               │nde_precedent│
│             │                              │             │                              │   max(#2)   │               │  a subquery │               │     Scan    ││             │               │      e      │
│             │                              │             │                              │             │               │  used as an │               │             ││             │               │delai_inter_c│
│             │                              │             │                              │             │               │  expression │               │ Projections:││             │               │ommandes_jour│
│             │                              │    0.00s    │                              │             │               │   - scalar  │               │  product_id ││             │               │      s      │
│    0.03s    │                              │             │                              │             │               │  subqueries │               │product_categ││    0.01s    │               │             │
│             │                              │             │                              │    0.05s    │               │   can only  │               │   ory_name  ││             │               │             │
│             │                              │             │                              │             │               │   return a  │               │             ││             │               │             │
│             │                              │             │                              │             │               │  single row.│               │Dynamic Filte││             │               │             │
│             ├───────┐                      │             │                              │             │               │   Use "SET  │               │     rs:     ││             ├───────┐       │    0.00s    │
│             │       │                      │             │                              │             │               │ scalar_subqu│               │  optional:  ││             │       │       │             │
│             │       │                      │             │                              │             │               │ery_error_on_│               │  product_id>││             │       │       │             │
│             │       │                      │             │                              │             │               │multiple_rows│               │='00066f42aee││             │       │       │             │
│             │       │                      │             │                              │             │               │  =false" to │               │b9f3007548bb9││             │       │       │             │
│             │       │                      │             │                              │             │               │   revert to │               │  d3f33c38'  ││             │       │       │             │
│             │       │                      │             │                              │             │               │   previous  │               │ AND optional││             │       │       │             │
│             │       │                      │             │                              │             │               │  behavior of│               │ : product_id││             │       │       │             │
│             │       │                      │             │                              │             │               │  returning a│               │<='fffe9eeff1││             │       │       │             │
│             │       │                      │             │                              │             │               │  random row.│               │2fcbd74a2f2b0││             │       │       │             │
│             │       │                      │             │                              │             │               │ ')) ELSE #0 │               │  07dde0c58' ││             │       │       │             │
│             │       │                      │             │                              │             │               │      END    │               │             ││             │       │       │             │
│             │       │                      │             │                              │             │               │             │               │             ││             │       │       │             │
│             │       │                      │             │                              │             │               │             │               │             ││             │       │       │             │
│             │       │                      │             │                              │             │               │             │               │             ││             │       │       │             │
│ 98,483 rows │       │                      │ 112,101 rows│                              │ 94,990 rows │               │    1 row    │               │    0.00s    ││ 112,101 rows│       │       │  3,216 rows │
│   (0.03s)   │       │                      │   (0.00s)   │                              │   (0.05s)   │               │    0.00s    │               │   (0.00s)   ││   (0.01s)   │       │       │   (0.00s)   │
└──────┬──────┘       │                      └──────┬──────┘                              └──────┬──────┘               └──────┬──────┘               └─────────────┘└──────┬──────┘       │       └──────┬──────┘
┌──────┴──────┐┌──────┴──────┐               ┌──────┴──────┐                              ┌──────┴──────┐               ┌──────┴──────┐                              ┌──────┴──────┐┌──────┴──────┐┌──────┴──────┐
│  TABLE_SCAN ││  HASH_JOIN  │               │  PROJECTION │                              │  PROJECTION │               │UNGROUPE...  │                              │  TABLE_SCAN ││  TABLE_SCAN ││  PROJECTION │
│    ──────   ││    ──────   │               │    ──────   │                              │    ──────   │               │    ──────   │                              │    ──────   ││    ──────   ││    ──────   │
│    Table:   ││  Join Type: │               │customer_uniq│                              │customer_uniq│               │ Aggregates: │                              │    Table:   ││    Table:   ││      #0     │
│  olist.main ││    INNER    │               │    ue_id    │                              │    ue_id    │               │ "first"(#0) │                              │  olist.main ││  olist.main ││      #2     │
│.order_review││             │               │   (price +  │                              │   order_id  │               │ count_star()│                              │ .order_items││   .orders   ││      #3     │
│      s      ││ Conditions: │               │ freight_valu│                              │order_purchas│               │             │                              │             ││             ││      #4     │
│             ││ customer_id │               │      e)     │                              │ e_timestamp │               │             │                              │    Type:    ││    Type:    ││      #5     │
│    Type:    ││= customer_id│               │   order_id  │                              │             │               │             │                              │  Sequential ││  Sequential ││             │
│  Sequential ││             │               │             │                              │             │               │             │                              │     Scan    ││     Scan    ││             │
│     Scan    ││             │               │             │                              │             │               │    0.00s    │                              │             ││             ││             │
│             ││             │               │             │                              │             │               │             │                              │ Projections:││ Projections:││             │
│ Projections:││             │               │             │                              │    0.00s    │               │             │                              │   order_id  ││ customer_id ││    0.00s    │
│   order_id  ││    0.02s    │               │    0.00s    │                              │             │               │             │                              │  product_id ││   order_id  ││             │
│ review_score││             │               │             │                              │             │               │             │                              │             ││             ││             │
│  review_id  ││             │               │             │                              │             │               │             │                              │Dynamic Filte││   Filters:  ││             │
│             ││             │               │             │                              │             │               │             │                              │     rs:     ││(order_status││             │
│Dynamic Filte││             │               │             │                              │             │               │             │                              │  optional:  ││   NOT IN (  ││             │
│     rs:     ││             │               │             │                              │             │               │             │                              │  order_id>= ││ 'canceled', ││             │
│  optional:  ││             ├───────┐       │             │                              │             │               │             │                              │'00010242fe8c││ 'unavailable││             │
│  order_id>= ││             │       │       │             │                              │             │               │             │                              │5a6d1ba2dd792││     '))     ││             │
│'00010242fe8c││             │       │       │             │                              │             │               │             │                              │ cb16214' AND││             ││             │
│5a6d1ba2dd792││             │       │       │             │                              │             │               │             │                              │   optional: ││             ││             │
│ cb16214' AND││             │       │       │             │                              │             │               │             │                              │  order_id<= ││             ││             │
│   optional: ││             │       │       │             │                              │             │               │             │                              │'fffe41c64501││             ││             │
│  order_id<= ││             │       │       │             │                              │             │               │             │                              │cc87c801fd61d││    0.00s    ││             │
│'fffe41c64501││             │       │       │             │                              │             │               │             │                              │ b3f6244' AND││             ││             │
│cc87c801fd61d││             │       │       │             │                              │             │               │             │                              │   optional: ││             ││             │
│ b3f6244' AND││             │       │       │             │                              │             │               │             │                              │  order_id IN││             ││             │
│   optional: ││             │       │       │             │                              │             │               │             │                              │ BF(order_id)││             ││             │
│  order_id IN││             │       │       │             │                              │             │               │             │                              │             ││             ││             │
│ BF(order_id)││             │       │       │             │                              │             │               │             │                              │             ││             ││             │
│             ││             │       │       │             │                              │             │               │             │                              │             ││             ││             │
│             ││             │       │       │             │                              │             │               │             │                              │             ││             ││             │
│             ││             │       │       │             │                              │             │               │             │                              │    0.01s    ││             ││             │
│ 97,238 rows ││ 98,207 rows │       │       │ 112,101 rows│                              │ 98,207 rows │               │    1 row    │                              │ 112,102 rows││ 98,207 rows ││  3,216 rows │
│    0.01s    ││   (0.02s)   │       │       │   (0.00s)   │                              │   (0.00s)   │               │   (0.00s)   │                              │   (0.01s)   ││   (0.00s)   ││   (0.00s)   │
└─────────────┘└──────┬──────┘       │       └──────┬──────┘                              └──────┬──────┘               └──────┬──────┘                              └─────────────┘└─────────────┘└──────┬──────┘
               ┌──────┴──────┐┌──────┴──────┐┌──────┴──────┐                              ┌──────┴──────┐               ┌──────┴──────┐                                                            ┌──────┴──────┐
               │  TABLE_SCAN ││  TABLE_SCAN ││  HASH_JOIN  │                              │  HASH_JOIN  │               │  PROJECTION │                                                            │    FILTER   │
               │    ──────   ││    ──────   ││    ──────   │                              │    ──────   │               │    ──────   │                                                            │    ──────   │
               │    Table:   ││    Table:   ││  Join Type: │                              │  Join Type: │               │      #0     │                                                            │(montant_comm│
               │  olist.main ││  olist.main ││    INNER    │                              │    INNER    │               │             │                                                            │ande_preceden│
               │  .customers ││   .orders   ││             │                              │             │               │             │                                                            │  te IS NOT  │
               │             ││             ││ Conditions: │                              │ Conditions: │               │             │                                                            │     NULL)   │
               │    Type:    ││    Type:    ││ customer_id │                              │ customer_id │               │             │                                                            │             │
               │  Sequential ││  Sequential ││= customer_id│                              │= customer_id│               │    0.00s    │                                                            │             │
               │     Scan    ││     Scan    ││             │                              │             │               │             │                                                            │             │
               │             ││             ││             │                              │             │               │             │                                                            │             │
               │ Projections:││ Projections:││             │                              │             │               │             │                                                            │    0.00s    │
               │ customer_id ││ customer_id ││             │                              │             │               │             │                                                            │             │
               │customer_uniq││   order_id  ││    0.03s    │                              │    0.02s    │               │             │                                                            │             │
               │    ue_id    ││             ││             │                              │             │               │             │                                                            │             │
               │             ││   Filters:  ││             │                              │             │               │             │                                                            │             │
               │Dynamic Filte││(order_status││             │                              │             │               │             │                                                            │             │
               │     rs:     ││   NOT IN (  ││             │                              │             │               │             │                                                            │             │
               │  optional:  ││ 'canceled', ││             │                              │             │               │             │                                                            │             │
               │  customer_id││ 'unavailable││             ├───────┐                      │             ├───────┐       │             │                                                            │             │
               │>='00012a2ce6││     '))     ││             │       │                      │             │       │       │             │                                                            │             │
               │f8dcda20d059c││             ││             │       │                      │             │       │       │             │                                                            │             │
               │  e98491703' ││             ││             │       │                      │             │       │       │             │                                                            │             │
               │ AND optional││             ││             │       │                      │             │       │       │             │                                                            │             │
               │: customer_id││             ││             │       │                      │             │       │       │             │                                                            │             │
               │<='ffffa31725││    0.01s    ││             │       │                      │             │       │       │             │                                                            │             │
               │27f765de70084││             ││             │       │                      │             │       │       │             │                                                            │             │
               │  a7e53aae8' ││             ││             │       │                      │             │       │       │             │                                                            │             │
               │ AND optional││             ││             │       │                      │             │       │       │             │                                                            │             │
               │: customer_id││             ││             │       │                      │             │       │       │             │                                                            │             │
               │ IN BF(custom││             ││             │       │                      │             │       │       │             │                                                            │             │
               │    er_id)   ││             ││             │       │                      │             │       │       │             │                                                            │             │
               │             ││             ││             │       │                      │             │       │       │             │                                                            │             │
               │             ││             ││             │       │                      │             │       │       │             │                                                            │             │
               │             ││             ││             │       │                      │             │       │       │             │                                                            │             │
               │ 98,209 rows ││ 98,207 rows ││ 112,101 rows│       │                      │ 98,207 rows │       │       │    1 row    │                                                            │  3,216 rows │
               │    0.01s    ││   (0.01s)   ││   (0.03s)   │       │                      │   (0.02s)   │       │       │   (0.00s)   │                                                            │   (0.00s)   │
               └─────────────┘└─────────────┘└──────┬──────┘       │                      └──────┬──────┘       │       └──────┬──────┘                                                            └──────┬──────┘
                                             ┌──────┴──────┐┌──────┴──────┐               ┌──────┴──────┐┌──────┴──────┐┌──────┴──────┐                                                            ┌──────┴──────┐
                                             │  TABLE_SCAN ││  HASH_JOIN  │               │  TABLE_SCAN ││  TABLE_SCAN ││COLUMN_D...  │                                                            │  PROJECTION │
                                             │    ──────   ││    ──────   │               │    ──────   ││    ──────   ││             │                                                            │    ──────   │
                                             │    Table:   ││  Join Type: │               │    Table:   ││    Table:   ││             │                                                            │      #0     │
                                             │  olist.main ││    INNER    │               │  olist.main ││  olist.main ││    0.00s    │                                                            │      #1     │
                                             │  .customers ││             │               │  .customers ││   .orders   ││             │                                                            │      #2     │
                                             │             ││ Conditions: │               │             ││             ││             │                                                            │      #3     │
                                             │    Type:    ││  order_id = │               │    Type:    ││    Type:    ││             │                                                            │      #4     │
                                             │  Sequential ││   order_id  │               │  Sequential ││  Sequential ││             │                                                            │      #5     │
                                             │     Scan    ││             │               │     Scan    ││     Scan    ││             │                                                            │             │
                                             │             ││             │               │             ││             ││             │                                                            │             │
                                             │ Projections:││             │               │ Projections:││ Projections:││             │                                                            │             │
                                             │ customer_id ││             │               │ customer_id ││ customer_id ││             │                                                            │             │
                                             │customer_uniq││    0.02s    │               │customer_uniq││   order_id  ││             │                                                            │    0.00s    │
                                             │    ue_id    ││             │               │    ue_id    ││order_purchas││             │                                                            │             │
                                             │             ││             │               │             ││ e_timestamp ││             │                                                            │             │
                                             │Dynamic Filte││             │               │Dynamic Filte││             ││             │                                                            │             │
                                             │     rs:     ││             │               │     rs:     ││   Filters:  ││             │                                                            │             │
                                             │  optional:  ││             │               │  optional:  ││(order_status││             │                                                            │             │
                                             │  customer_id││             ├───────┐       │  customer_id││   NOT IN (  ││             │                                                            │             │
                                             │>='00012a2ce6││             │       │       │>='00012a2ce6││ 'canceled', ││             │                                                            │             │
                                             │f8dcda20d059c││             │       │       │f8dcda20d059c││ 'unavailable││             │                                                            │             │
                                             │  e98491703' ││             │       │       │  e98491703' ││     '))     ││             │                                                            │             │
                                             │ AND optional││             │       │       │ AND optional││             ││             │                                                            │             │
                                             │: customer_id││             │       │       │: customer_id││             ││             │                                                            │             │
                                             │<='ffffa31725││             │       │       │<='ffffa31725││             ││             │                                                            │             │
                                             │27f765de70084││             │       │       │27f765de70084││             ││             │                                                            │             │
                                             │  a7e53aae8' ││             │       │       │  a7e53aae8' ││    0.01s    ││             │                                                            │             │
                                             │             ││             │       │       │ AND optional││             ││             │                                                            │             │
                                             │             ││             │       │       │: customer_id││             ││             │                                                            │             │
                                             │             ││             │       │       │ IN BF(custom││             ││             │                                                            │             │
                                             │             ││             │       │       │    er_id)   ││             ││             │                                                            │             │
                                             │    0.01s    ││             │       │       │             ││             ││             │                                                            │             │
                                             │             ││             │       │       │             ││             ││             │                                                            │             │
                                             │             ││             │       │       │             ││             ││             │                                                            │             │
                                             │ 99,441 rows ││ 112,101 rows│       │       │ 98,209 rows ││ 98,207 rows ││    1 row    │                                                            │ 98,199 rows │
                                             │   (0.01s)   ││   (0.02s)   │       │       │    0.01s    ││   (0.01s)   ││   (0.00s)   │                                                            │   (0.00s)   │
                                             └─────────────┘└──────┬──────┘       │       └─────────────┘└─────────────┘└─────────────┘                                                            └──────┬──────┘
                                                            ┌──────┴──────┐┌──────┴──────┐                                                                                                         ┌──────┴──────┐
                                                            │  TABLE_SCAN ││  TABLE_SCAN │                                                                                                         │    WINDOW   │
                                                            │    ──────   ││    ──────   │                                                                                                         │    ──────   │
                                                            │    Table:   ││    Table:   │                                                                                                         │ Projections:│
                                                            │  olist.main ││  olist.main │                                                                                                         │   LAG(sum(  │
                                                            │ .order_items││   .orders   │                                                                                                         │   (price +  │
                                                            │             ││             │                                                                                                         │ freight_valu│
                                                            │    Type:    ││    Type:    │                                                                                                         │  e))) OVER  │
                                                            │  Sequential ││  Sequential │                                                                                                         │  (PARTITION │
                                                            │     Scan    ││     Scan    │                                                                                                         │ BY customer_│
                                                            │             ││             │                                                                                                         │  unique_id  │
                                                            │ Projections:││ Projections:│                                                                                                         │   ORDER BY  │
                                                            │   order_id  ││ customer_id │                                                                                                         │ order_purcha│
                                                            │    price    ││   order_id  │                                                                                                         │ se_timestamp│
                                                            │freight_value││             │                                                                                                         │   ASC NULLS │
                                                            │             ││   Filters:  │                                                                                                         │     LAST)   │
                                                            │Dynamic Filte││(order_status│                                                                                                         │LAG(order_pur│
                                                            │     rs:     ││   NOT IN (  │                                                                                                         │chase_timesta│
                                                            │  optional:  ││ 'canceled', │                                                                                                         │  mp) OVER   │
                                                            │  order_id>= ││ 'unavailable│                                                                                                         │  (PARTITION │
                                                            │'00010242fe8c││     '))     │                                                                                                         │ BY customer_│
                                                            │5a6d1ba2dd792││             │                                                                                                         │  unique_id  │
                                                            │ cb16214' AND││             │                                                                                                         │   ORDER BY  │
                                                            │   optional: ││             │                                                                                                         │ order_purcha│
                                                            │  order_id<= ││             │                                                                                                         │ se_timestamp│
                                                            │'fffe41c64501││    0.01s    │                                                                                                         │   ASC NULLS │
                                                            │cc87c801fd61d││             │                                                                                                         │     LAST)   │
                                                            │ b3f6244' AND││             │                                                                                                         │             │
                                                            │   optional: ││             │                                                                                                         │             │
                                                            │  order_id IN││             │                                                                                                         │             │
                                                            │ BF(order_id)││             │                                                                                                         │             │
                                                            │             ││             │                                                                                                         │    0.07s    │
                                                            │             ││             │                                                                                                         │             │
                                                            │             ││             │                                                                                                         │             │
                                                            │ 112,102 rows││ 98,207 rows │                                                                                                         │ 98,199 rows │
                                                            │    0.00s    ││   (0.01s)   │                                                                                                         │   (0.07s)   │
                                                            └─────────────┘└─────────────┘                                                                                                         └──────┬──────┘
                                                                                                                                                                                                   ┌──────┴──────┐
                                                                                                                                                                                                   │HASH_GROUP_BY│
                                                                                                                                                                                                   │    ──────   │
                                                                                                                                                                                                   │   Groups:   │
                                                                                                                                                                                                   │      #0     │
                                                                                                                                                                                                   │      #1     │
                                                                                                                                                                                                   │      #2     │
                                                                                                                                                                                                   │             │
                                                                                                                                                                                                   │ Aggregates: │
                                                                                                                                                                                                   │   sum(#3)   │
                                                                                                                                                                                                   │             │
                                                                                                                                                                                                   │             │
                                                                                                                                                                                                   │             │
                                                                                                                                                                                                   │ 98,199 rows │
                                                                                                                                                                                                   │    0.04s    │
                                                                                                                                                                                                   └──────┬──────┘
                                                                                                                                                                                                   ┌──────┴──────┐
                                                                                                                                                                                                   │  PROJECTION │
                                                                                                                                                                                                   │    ──────   │
                                                                                                                                                                                                   │customer_uniq│
                                                                                                                                                                                                   │    ue_id    │
                                                                                                                                                                                                   │   order_id  │
                                                                                                                                                                                                   │order_purchas│
                                                                                                                                                                                                   │ e_timestamp │
                                                                                                                                                                                                   │   (price +  │
                                                                                                                                                                                                   │ freight_valu│
                                                                                                                                                                                                   │      e)     │
                                                                                                                                                                                                   │             │
                                                                                                                                                                                                   │             │
                                                                                                                                                                                                   │             │
                                                                                                                                                                                                   │ 112,101 rows│
                                                                                                                                                                                                   │    0.00s    │
                                                                                                                                                                                                   └──────┬──────┘
                                                                                                                                                                                                   ┌──────┴──────┐
                                                                                                                                                                                                   │  HASH_JOIN  │
                                                                                                                                                                                                   │    ──────   │
                                                                                                                                                                                                   │  Join Type: │
                                                                                                                                                                                                   │    INNER    │
                                                                                                                                                                                                   │             │
                                                                                                                                                                                                   │ Conditions: │
                                                                                                                                                                                                   │ customer_id ├───────┐
                                                                                                                                                                                                   │= customer_id│       │
                                                                                                                                                                                                   │             │       │
                                                                                                                                                                                                   │             │       │
                                                                                                                                                                                                   │             │       │
                                                                                                                                                                                                   │ 112,101 rows│       │
                                                                                                                                                                                                   │    0.03s    │       │
                                                                                                                                                                                                   └──────┬──────┘       │
                                                                                                                                                                                                   ┌──────┴──────┐┌──────┴──────┐
                                                                                                                                                                                                   │  TABLE_SCAN ││  HASH_JOIN  │
                                                                                                                                                                                                   │    ──────   ││    ──────   │
                                                                                                                                                                                                   │    Table:   ││  Join Type: │
                                                                                                                                                                                                   │  olist.main ││    INNER    │
                                                                                                                                                                                                   │  .customers ││             │
                                                                                                                                                                                                   │             ││ Conditions: │
                                                                                                                                                                                                   │    Type:    ││  order_id = │
                                                                                                                                                                                                   │  Sequential ││   order_id  │
                                                                                                                                                                                                   │     Scan    ││             │
                                                                                                                                                                                                   │             ││             │
                                                                                                                                                                                                   │ Projections:││             │
                                                                                                                                                                                                   │ customer_id ││             │
                                                                                                                                                                                                   │customer_uniq││    0.02s    │
                                                                                                                                                                                                   │    ue_id    ││             │
                                                                                                                                                                                                   │             ││             │
                                                                                                                                                                                                   │Dynamic Filte││             │
                                                                                                                                                                                                   │     rs:     ││             ├───────┐
                                                                                                                                                                                                   │  optional:  ││             │       │
                                                                                                                                                                                                   │  customer_id││             │       │
                                                                                                                                                                                                   │>='00012a2ce6││             │       │
                                                                                                                                                                                                   │f8dcda20d059c││             │       │
                                                                                                                                                                                                   │  e98491703' ││             │       │
                                                                                                                                                                                                   │ AND optional││             │       │
                                                                                                                                                                                                   │: customer_id││             │       │
                                                                                                                                                                                                   │<='ffffa31725││             │       │
                                                                                                                                                                                                   │27f765de70084││             │       │
                                                                                                                                                                                                   │  a7e53aae8' ││             │       │
                                                                                                                                                                                                   │             ││             │       │
                                                                                                                                                                                                   │             ││             │       │
                                                                                                                                                                                                   │             ││             │       │
                                                                                                                                                                                                   │ 99,441 rows ││ 112,101 rows│       │
                                                                                                                                                                                                   │    0.01s    ││   (0.02s)   │       │
                                                                                                                                                                                                   └─────────────┘└──────┬──────┘       │
                                                                                                                                                                                                                  ┌──────┴──────┐┌──────┴──────┐
                                                                                                                                                                                                                  │  TABLE_SCAN ││  TABLE_SCAN │
                                                                                                                                                                                                                  │    ──────   ││    ──────   │
                                                                                                                                                                                                                  │    Table:   ││    Table:   │
                                                                                                                                                                                                                  │  olist.main ││  olist.main │
                                                                                                                                                                                                                  │ .order_items││   .orders   │
                                                                                                                                                                                                                  │             ││             │
                                                                                                                                                                                                                  │    Type:    ││    Type:    │
                                                                                                                                                                                                                  │  Sequential ││  Sequential │
                                                                                                                                                                                                                  │     Scan    ││     Scan    │
                                                                                                                                                                                                                  │             ││             │
                                                                                                                                                                                                                  │ Projections:││ Projections:│
                                                                                                                                                                                                                  │   order_id  ││ customer_id │
                                                                                                                                                                                                                  │    price    ││   order_id  │
                                                                                                                                                                                                                  │freight_value││order_purchas│
                                                                                                                                                                                                                  │             ││ e_timestamp │
                                                                                                                                                                                                                  │Dynamic Filte││             │
                                                                                                                                                                                                                  │     rs:     ││   Filters:  │
                                                                                                                                                                                                                  │  optional:  ││(order_status│
                                                                                                                                                                                                                  │  order_id>= ││   NOT IN (  │
                                                                                                                                                                                                                  │'00010242fe8c││ 'canceled', │
                                                                                                                                                                                                                  │5a6d1ba2dd792││ 'unavailable│
                                                                                                                                                                                                                  │ cb16214' AND││     '))     │
                                                                                                                                                                                                                  │   optional: ││             │
                                                                                                                                                                                                                  │  order_id<= ││             │
                                                                                                                                                                                                                  │'fffe41c64501││             │
                                                                                                                                                                                                                  │cc87c801fd61d││             │
                                                                                                                                                                                                                  │ b3f6244' AND││    0.00s    │
                                                                                                                                                                                                                  │   optional: ││             │
                                                                                                                                                                                                                  │  order_id IN││             │
                                                                                                                                                                                                                  │ BF(order_id)││             │
                                                                                                                                                                                                                  │             ││             │
                                                                                                                                                                                                                  │             ││             │
                                                                                                                                                                                                                  │             ││             │
                                                                                                                                                                                                                  │ 112,102 rows││ 98,207 rows │
                                                                                                                                                                                                                  │    0.00s    ││   (0.00s)   │
                                                                                                                                                                                                                  └─────────────┘└─────────────┘
┌────────────┐
│ nb_clients │
│   int64    │
├────────────┤
│      94990 │
└────────────┘
┌─────────────────────────────────────┐
│┌───────────────────────────────────┐│
││    Query Profiling Information    ││
│└───────────────────────────────────┘│
└─────────────────────────────────────┘
EXPLAIN ANALYZE SELECT * FROM v_customer_features LIMIT 10;
┌────────────────────────────────────────────────┐
│┌──────────────────────────────────────────────┐│
││              Total Time: 0.185s              ││
│└──────────────────────────────────────────────┘│
└────────────────────────────────────────────────┘
┌─────────────┐
│    QUERY    │
└──────┬──────┘
┌──────┴──────┐
│EXPLAIN_...  │
│    ──────   │
│             │
│    0 rows   │
│    0.00s    │
└──────┬──────┘
┌──────┴──────┐
│  PROJECTION │
│    ──────   │
│customer_uniq│
│    ue_id    │
│ nb_commandes│
│jours_depuis_│
│derniere_comm│
│     ande    │
│valeur_totale│
│ panier_moyen│
│panier_moyen_│
│ par_commande│
│score_moyen_r│
│    eviews   │
│  nb_reviews │
│nb_mauvaises_│
│   reviews   │
│pct_mauvaises│
│   _reviews  │
│nb_categories│
│ _distinctes │
│delai_moyen_i│
│nter_commande│
│      s      │
│tendance_pani│
│      er     │
│rang_par_vale│
│      ur     │
│mode_paiement│
│   _prefere  │
│nb_moyen_vers│
│    ements   │
│  est_churne │
│segment_clien│
│      t      │
│             │
│             │
│             │
│   10 rows   │
│    0.00s    │
└──────┬──────┘
┌──────┴──────┐
│STREAMIN...  │
│    ──────   │
│             │
│   10 rows   │
│    0.00s    │
└──────┬──────┘
┌──────┴──────┐
│  HASH_JOIN  │
│    ──────   │
│  Join Type: │
│     LEFT    │
│             │
│ Conditions: │
│customer_uniq│
│ue_id = custo├─────────────────────────────────────────────────────────────────────────────────────────────────────────────────────────────────────────────────────────────────────────────────────────────────────────────────────────────────
│mer_unique_id│                                                                                                                                                                                                                                 
│             │                                                                                                                                                                                                                                 
│             │                                                                                                                                                                                                                                 
│             │                                                                                                                                                                                                                                 
│  2,987 rows │                                                                                                                                                                                                                                 
│    0.01s    │                                                                                                                                                                                                                                 
└──────┬──────┘                                                                                                                                                                                                                                 
┌──────┴──────┐                                                                                                                                                                                                                                 
│  HASH_JOIN  │                                                                                                                                                                                                                                 
│    ──────   │                                                                                                                                                                                                                                 
│  Join Type: │                                                                                                                                                                                                                                 
│     LEFT    │                                                                                                                                                                                                                                 
│             │                                                                                                                                                                                                                                 
│ Conditions: │                                                                                                                                                                                                                                 
│customer_uniq│                                                                                                                                                                                                                                 
│ue_id = custo├───────────────────────────────────────────────────────────────────────────────────────────────────────────────────────────────────────────────────────────────────────────────────────────┐                                     
│mer_unique_id│                                                                                                                                                                                           │                                     
│             │                                                                                                                                                                                           │                                     
│             │                                                                                                                                                                                           │                                     
│             │                                                                                                                                                                                           │                                     
│  2,987 rows │                                                                                                                                                                                           │                                     
│    0.00s    │                                                                                                                                                                                           │                                     
└──────┬──────┘                                                                                                                                                                                           │                                     
┌──────┴──────┐                                                                                                                                                                                    ┌──────┴──────┐                              
│  HASH_JOIN  │                                                                                                                                                                                    │  PROJECTION │                              
│    ──────   │                                                                                                                                                                                    │    ──────   │                              
│  Join Type: │                                                                                                                                                                                    │customer_uniq│                              
│     LEFT    │                                                                                                                                                                                    │    ue_id    │                              
│             │                                                                                                                                                                                    │delai_moyen_i│                              
│ Conditions: │                                                                                                                                                                                    │nter_commande│                              
│customer_uniq│                                                                                                                                                                                    │      s      │                              
│ue_id = custo│                                                                                                                                                                                    │tendance_pani│                              
│mer_unique_id├───────────────────────────────────────────────────────────────────────────────────────────────────────────────────────────────┐                                                    │      er     │                              
│             │                                                                                                                               │                                                    │rang_par_vale│                              
│             │                                                                                                                               │                                                    │      ur     │                              
│             │                                                                                                                               │                                                    │             │                              
│             │                                                                                                                               │                                                    │             │                              
│    0.01s    │                                                                                                                               │                                                    │             │                              
│ 26,622 rows │                                                                                                                               │                                                    │  2,887 rows │                              
│   (0.01s)   │                                                                                                                               │                                                    │    0.00s    │                              
└──────┬──────┘                                                                                                                               │                                                    └──────┬──────┘                              
┌──────┴──────┐                                                                                                                        ┌──────┴──────┐                                             ┌──────┴──────┐                              
│  HASH_JOIN  │                                                                                                                        │HASH_GROUP_BY│                                             │  PROJECTION │                              
│    ──────   │                                                                                                                        │    ──────   │                                             │    ──────   │                              
│  Join Type: │                                                                                                                        │   Groups:   │                                             │      #0     │                              
│    RIGHT    │                                                                                                                        │      #0     │                                             │      #1     │                              
│             │                                                                                                                        │             │                                             │      #2     │                              
│ Conditions: │                                                                                                                        │ Aggregates: │                                             │      #3     │                              
│customer_uniq│                                                                                                                        │count(DISTINC│                                             │      #4     │                              
│ue_id = custo├─────────────────────────────────────┐                                                                                  │    T #1)    │                                             │             │                              
│mer_unique_id│                                     │                                                                                  │             │                                             │             │                              
│             │                                     │                                                                                  │             │                                             │             │                              
│             │                                     │                                                                                  │             │                                             │             │                              
│             │                                     │                                                                                  │             │                                             │    0.00s    │                              
│ 26,624 rows │                                     │                                                                                  │    0.03s    │                                             │  2,887 rows │                              
│    0.01s    │                                     │                                                                                  │   (0.03s)   │                                             │   (0.00s)   │                              
└──────┬──────┘                                     │                                                                                  └──────┬──────┘                                             └──────┬──────┘                              
┌──────┴──────┐                              ┌──────┴──────┐                                                                           ┌──────┴──────┐                                             ┌──────┴──────┐                              
│  PROJECTION │                              │  HASH_JOIN  │                                                                           │  PROJECTION │                                             │    WINDOW   │                              
│    ──────   │                              │    ──────   │                                                                           │    ──────   │                                             │    ──────   │                              
│customer_uniq│                              │  Join Type: │                                                                           │customer_uniq│                                             │ Projections:│                              
│    ue_id    │                              │    RIGHT    │                                                                           │    ue_id    │                                             │ RANK() OVER │                              
│score_moyen_r│                              │             │                                                                           │   COALESCE  │                                             │  (ORDER BY  │                              
│    eviews   │                              │ Conditions: │                                                                           │(product_cate│                                             │ avg(montant_│                              
│  nb_reviews │                              │customer_uniq│                                                                           │ gory_name,  │                                             │  commande)  │                              
│nb_mauvaises_│                              │ue_id = custo│                                                                           │  'unknown') │                                             │  DESC NULLS │                              
│   reviews   │                              │mer_unique_id│                                                                           │             │                                             │     LAST)   │                              
│pct_mauvaises│                              │             │                                                                           │             │                                             │             │                              
│   _reviews  │                              │             │                                                                           │             │                                             │             │                              
│             │                              │             │                                                                           │             │                                             │             │                              
│             │                              │             │                                                                           │    0.00s    │                                             │             │                              
│             │                              │    0.02s    │                                                                           │             │                                             │    0.00s    │                              
│             │                              │             │                                                                           │             │                                             │             │                              
│    0.00s    │                              │             │                                                                           │             │                                             │             │                              
│             │                              │             ├─────────────────────────────────────┐                                     │             │                                             │             │                              
│             │                              │             │                                     │                                     │             │                                             │             │                              
│             │                              │             │                                     │                                     │             │                                             │             │                              
│             │                              │             │                                     │                                     │             │                                             │             │                              
│             │                              │             │                                     │                                     │             │                                             │             │                              
│             │                              │             │                                     │                                     │             │                                             │             │                              
│             │                              │             │                                     │                                     │             │                                             │             │                              
│             │                              │             │                                     │                                     │             │                                             │             │                              
│             │                              │             │                                     │                                     │             │                                             │             │                              
│             │                              │             │                                     │                                     │             │                                             │             │                              
│             │                              │             │                                     │                                     │             │                                             │             │                              
│             │                              │             │                                     │                                     │             │                                             │             │                              
│             │                              │             │                                     │                                     │             │                                             │             │                              
│             │                              │             │                                     │                                     │             │                                             │             │                              
│ 24,576 rows │                              │ 94,990 rows │                                     │                                     │ 112,101 rows│                                             │  2,887 rows │                              
│   (0.00s)   │                              │   (0.02s)   │                                     │                                     │   (0.00s)   │                                             │   (0.00s)   │                              
└──────┬──────┘                              └──────┬──────┘                                     │                                     └──────┬──────┘                                             └──────┬──────┘                              
┌──────┴──────┐                              ┌──────┴──────┐                              ┌──────┴──────┐                              ┌──────┴──────┐                                             ┌──────┴──────┐                              
│HASH_GROUP_BY│                              │  PROJECTION │                              │  PROJECTION │                              │  HASH_JOIN  │                                             │HASH_GROUP_BY│                              
│    ──────   │                              │    ──────   │                              │    ──────   │                              │    ──────   │                                             │    ──────   │                              
│   Groups:   │                              │customer_uniq│                              │customer_uniq│                              │  Join Type: │                                             │   Groups:   │                              
│      #0     │                              │    ue_id    │                              │    ue_id    │                              │    INNER    │                                             │      #0     │                              
│             │                              │valeur_totale│                              │ nb_commandes│                              │             │                                             │             │                              
│ Aggregates: │                              │ panier_moyen│                              │jours_depuis_│                              │ Conditions: │                                             │ Aggregates: │                              
│   avg(#1)   │                              │panier_moyen_│                              │derniere_comm│                              │ customer_id │                                             │   avg(#1)   │                              
│  count(#2)  │                              │ par_commande│                              │     ande    │                              │= customer_id│                                             │   avg(#2)   │                              
│  count(#3)  │                              │             │                              │             │                              │             │                                             │   avg(#3)   │                              
│    FILTER   │                              │             │                              │             │                              │             │                                             │             │                              
│  (WHERE #3) │                              │             │                              │             │                              │             │                                             │             │                              
│  Filter: #3 │                              │             │                              │             │                              │             │                                             │             │                              
│             │                              │    0.00s    │                              │    0.00s    │                              │    0.04s    │                                             │             │                              
│             │                              │             │                              │             │                              │             │                                             │    0.00s    │                              
│             │                              │             │                              │             │                              │             │                                             │             │                              
│             │                              │             │                              │             │                              │             │                                             │             │                              
│    0.03s    │                              │             │                              │             │                              │             │                                             │             │                              
│             │                              │             │                              │             │                              │             │                                             │             │                              
│             │                              │             │                              │             │                              │             ├───────┐                                     │             │                              
│             │                              │             │                              │             │                              │             │       │                                     │             │                              
│             │                              │             │                              │             │                              │             │       │                                     │             │                              
│             │                              │             │                              │             │                              │             │       │                                     │             │                              
│             │                              │             │                              │             │                              │             │       │                                     │             │                              
│             │                              │             │                              │             │                              │             │       │                                     │             │                              
│             │                              │             │                              │             │                              │             │       │                                     │             │                              
│             │                              │             │                              │             │                              │             │       │                                     │             │                              
│             │                              │             │                              │             │                              │             │       │                                     │             │                              
│             │                              │             │                              │             │                              │             │       │                                     │             │                              
│             │                              │             │                              │             │                              │             │       │                                     │             │                              
│             │                              │             │                              │             │                              │             │       │                                     │             │                              
│             │                              │             │                              │             │                              │             │       │                                     │             │                              
│             │                              │             │                              │             │                              │             │       │                                     │             │                              
│             │                              │             │                              │             │                              │             │       │                                     │             │                              
│             │                              │             │                              │             │                              │             │       │                                     │             │                              
│             │                              │             │                              │             │                              │             │       │                                     │             │                              
│ 24,576 rows │                              │ 94,983 rows │                              │ 94,990 rows │                              │ 112,101 rows│       │                                     │  2,887 rows │                              
│   (0.03s)   │                              │   (0.00s)   │                              │   (0.00s)   │                              │   (0.04s)   │       │                                     │   (0.00s)   │                              
└──────┬──────┘                              └──────┬──────┘                              └──────┬──────┘                              └──────┬──────┘       │                                     └──────┬──────┘                              
┌──────┴──────┐                              ┌──────┴──────┐                              ┌──────┴──────┐                              ┌──────┴──────┐┌──────┴──────┐                              ┌──────┴──────┐
│  PROJECTION │                              │HASH_GROUP_BY│                              │CROSS_PRODUCT│                              │  TABLE_SCAN ││  HASH_JOIN  │                              │  PROJECTION │
│    ──────   │                              │    ──────   │                              │    ──────   │                              │    ──────   ││    ──────   │                              │    ──────   │
│customer_uniq│                              │   Groups:   │                              │             │                              │    Table:   ││  Join Type: │                              │customer_uniq│
│    ue_id    │                              │      #0     │                              │             │                              │  olist.main ││    INNER    │                              │    ue_id    │
│ review_score│                              │             │                              │    0.00s    │                              │  .customers ││             │                              │delai_inter_c│
│  review_id  │                              │ Aggregates: │                              │             │                              │             ││ Conditions: │                              │ommandes_jour│
│  review_id  │                              │   sum(#1)   │                              │             │                              │    Type:    ││ product_id =│                              │      s      │
│(review_score│                              │   avg(#2)   │                              │             │                              │  Sequential ││  product_id │                              │(montant_comm│
│     <= 2)   │                              │count(DISTINC│                              │             │                              │     Scan    ││             │                              │ande - montan│
│             │                              │    T #3)    │                              │             │                              │             ││             │                              │t_commande_pr│
│             │                              │             │                              │             │                              │ Projections:││             │                              │  ecedente)  │
│             │                              │             │                              │             │                              │ customer_id ││             │                              │montant_comma│
│             │                              │             │                              │             │                              │customer_uniq││    0.03s    │                              │     nde     │
│    0.00s    │                              │             │                              │             │                              │    ue_id    ││             │                              │             │
│             │                              │    0.08s    │                              │             │                              │             ││             │                              │             │
│             │                              │             │                              │             │                              │Dynamic Filte││             │                              │             │
│             │                              │             │                              │             ├──────────────────────┐       │     rs:     ││             ├───────┐                      │             │
│             │                              │             │                              │             │                      │       │  optional:  ││             │       │                      │    0.00s    │
│             │                              │             │                              │             │                      │       │  customer_id││             │       │                      │             │
│             │                              │             │                              │             │                      │       │>='00012a2ce6││             │       │                      │             │
│             │                              │             │                              │             │                      │       │f8dcda20d059c││             │       │                      │             │
│             │                              │             │                              │             │                      │       │  e98491703' ││             │       │                      │             │
│             │                              │             │                              │             │                      │       │ AND optional││             │       │                      │             │
│             │                              │             │                              │             │                      │       │: customer_id││             │       │                      │             │
│             │                              │             │                              │             │                      │       │<='ffffa31725││             │       │                      │             │
│             │                              │             │                              │             │                      │       │27f765de70084││             │       │                      │             │
│             │                              │             │                              │             │                      │       │  a7e53aae8' ││             │       │                      │             │
│             │                              │             │                              │             │                      │       │             ││             │       │                      │             │
│             │                              │             │                              │             │                      │       │             ││             │       │                      │             │
│             │                              │             │                              │             │                      │       │             ││             │       │                      │             │
│ 98,483 rows │                              │ 94,983 rows │                              │ 94,990 rows │                      │       │ 99,441 rows ││ 112,101 rows│       │                      │  3,216 rows │
│   (0.00s)   │                              │   (0.08s)   │                              │   (0.00s)   │                      │       │    0.01s    ││   (0.03s)   │       │                      │   (0.00s)   │
└──────┬──────┘                              └──────┬──────┘                              └──────┬──────┘                      │       └─────────────┘└──────┬──────┘       │                      └──────┬──────┘
┌──────┴──────┐                              ┌──────┴──────┐                              ┌──────┴──────┐               ┌──────┴──────┐               ┌──────┴──────┐┌──────┴──────┐               ┌──────┴──────┐
│  HASH_JOIN  │                              │  PROJECTION │                              │HASH_GROUP_BY│               │  PROJECTION │               │  TABLE_SCAN ││  HASH_JOIN  │               │  PROJECTION │
│    ──────   │                              │    ──────   │                              │    ──────   │               │    ──────   │               │    ──────   ││    ──────   │               │    ──────   │
│  Join Type: │                              │customer_uniq│                              │   Groups:   │               │ CASE  WHEN (│               │    Table:   ││  Join Type: │               │customer_uniq│
│    RIGHT    │                              │    ue_id    │                              │      #0     │               │  (#1 > 1))  │               │  olist.main ││    INNER    │               │    ue_id    │
│             │                              │      #1     │                              │             │               │ THEN ("error│               │  .products  ││             │               │montant_comma│
│ Conditions: │                              │      #1     │                              │ Aggregates: │               │ "('More than│               │             ││ Conditions: │               │     nde     │
│  order_id = │                              │   order_id  │                              │count(DISTINC│               │    one row  │               │    Type:    ││  order_id = │               │montant_comma│
│   order_id  │                              │             │                              │    T #1)    │               │  returned by│               │  Sequential ││   order_id  │               │nde_precedent│
│             │                              │             │                              │   max(#2)   │               │  a subquery │               │     Scan    ││             │               │      e      │
│             │                              │             │                              │             │               │  used as an │               │             ││             │               │delai_inter_c│
│             │                              │             │                              │             │               │  expression │               │ Projections:││             │               │ommandes_jour│
│             │                              │    0.00s    │                              │             │               │   - scalar  │               │  product_id ││             │               │      s      │
│    0.03s    │                              │             │                              │             │               │  subqueries │               │product_categ││    0.02s    │               │             │
│             │                              │             │                              │    0.06s    │               │   can only  │               │   ory_name  ││             │               │             │
│             │                              │             │                              │             │               │   return a  │               │             ││             │               │             │
│             │                              │             │                              │             │               │  single row.│               │Dynamic Filte││             │               │             │
│             ├───────┐                      │             │                              │             │               │   Use "SET  │               │     rs:     ││             ├───────┐       │    0.00s    │
│             │       │                      │             │                              │             │               │ scalar_subqu│               │  optional:  ││             │       │       │             │
│             │       │                      │             │                              │             │               │ery_error_on_│               │  product_id>││             │       │       │             │
│             │       │                      │             │                              │             │               │multiple_rows│               │='00066f42aee││             │       │       │             │
│             │       │                      │             │                              │             │               │  =false" to │               │b9f3007548bb9││             │       │       │             │
│             │       │                      │             │                              │             │               │   revert to │               │  d3f33c38'  ││             │       │       │             │
│             │       │                      │             │                              │             │               │   previous  │               │ AND optional││             │       │       │             │
│             │       │                      │             │                              │             │               │  behavior of│               │ : product_id││             │       │       │             │
│             │       │                      │             │                              │             │               │  returning a│               │<='fffe9eeff1││             │       │       │             │
│             │       │                      │             │                              │             │               │  random row.│               │2fcbd74a2f2b0││             │       │       │             │
│             │       │                      │             │                              │             │               │ ')) ELSE #0 │               │  07dde0c58' ││             │       │       │             │
│             │       │                      │             │                              │             │               │      END    │               │             ││             │       │       │             │
│             │       │                      │             │                              │             │               │             │               │             ││             │       │       │             │
│             │       │                      │             │                              │             │               │             │               │             ││             │       │       │             │
│             │       │                      │             │                              │             │               │             │               │             ││             │       │       │             │
│ 98,483 rows │       │                      │ 112,101 rows│                              │ 94,990 rows │               │    1 row    │               │    0.00s    ││ 112,101 rows│       │       │  3,216 rows │
│   (0.03s)   │       │                      │   (0.00s)   │                              │   (0.06s)   │               │    0.00s    │               │   (0.00s)   ││   (0.02s)   │       │       │   (0.00s)   │
└──────┬──────┘       │                      └──────┬──────┘                              └──────┬──────┘               └──────┬──────┘               └─────────────┘└──────┬──────┘       │       └──────┬──────┘
┌──────┴──────┐┌──────┴──────┐               ┌──────┴──────┐                              ┌──────┴──────┐               ┌──────┴──────┐                              ┌──────┴──────┐┌──────┴──────┐┌──────┴──────┐
│  TABLE_SCAN ││  HASH_JOIN  │               │  PROJECTION │                              │  PROJECTION │               │UNGROUPE...  │                              │  TABLE_SCAN ││  TABLE_SCAN ││  PROJECTION │
│    ──────   ││    ──────   │               │    ──────   │                              │    ──────   │               │    ──────   │                              │    ──────   ││    ──────   ││    ──────   │
│    Table:   ││  Join Type: │               │customer_uniq│                              │customer_uniq│               │ Aggregates: │                              │    Table:   ││    Table:   ││      #0     │
│  olist.main ││    INNER    │               │    ue_id    │                              │    ue_id    │               │ "first"(#0) │                              │  olist.main ││  olist.main ││      #2     │
│.order_review││             │               │   (price +  │                              │   order_id  │               │ count_star()│                              │ .order_items││   .orders   ││      #3     │
│      s      ││ Conditions: │               │ freight_valu│                              │order_purchas│               │             │                              │             ││             ││      #4     │
│             ││ customer_id │               │      e)     │                              │ e_timestamp │               │             │                              │    Type:    ││    Type:    ││      #5     │
│    Type:    ││= customer_id│               │   order_id  │                              │             │               │             │                              │  Sequential ││  Sequential ││             │
│  Sequential ││             │               │             │                              │             │               │             │                              │     Scan    ││     Scan    ││             │
│     Scan    ││             │               │             │                              │             │               │    0.00s    │                              │             ││             ││             │
│             ││             │               │             │                              │             │               │             │                              │ Projections:││ Projections:││             │
│ Projections:││             │               │             │                              │    0.00s    │               │             │                              │   order_id  ││ customer_id ││    0.00s    │
│   order_id  ││    0.02s    │               │    0.00s    │                              │             │               │             │                              │  product_id ││   order_id  ││             │
│ review_score││             │               │             │                              │             │               │             │                              │             ││             ││             │
│  review_id  ││             │               │             │                              │             │               │             │                              │Dynamic Filte││   Filters:  ││             │
│             ││             │               │             │                              │             │               │             │                              │     rs:     ││(order_status││             │
│Dynamic Filte││             │               │             │                              │             │               │             │                              │  optional:  ││   NOT IN (  ││             │
│     rs:     ││             │               │             │                              │             │               │             │                              │  order_id>= ││ 'canceled', ││             │
│  optional:  ││             ├───────┐       │             │                              │             │               │             │                              │'00010242fe8c││ 'unavailable││             │
│  order_id>= ││             │       │       │             │                              │             │               │             │                              │5a6d1ba2dd792││     '))     ││             │
│'00010242fe8c││             │       │       │             │                              │             │               │             │                              │ cb16214' AND││             ││             │
│5a6d1ba2dd792││             │       │       │             │                              │             │               │             │                              │   optional: ││             ││             │
│ cb16214' AND││             │       │       │             │                              │             │               │             │                              │  order_id<= ││             ││             │
│   optional: ││             │       │       │             │                              │             │               │             │                              │'fffe41c64501││             ││             │
│  order_id<= ││             │       │       │             │                              │             │               │             │                              │cc87c801fd61d││    0.01s    ││             │
│'fffe41c64501││             │       │       │             │                              │             │               │             │                              │ b3f6244' AND││             ││             │
│cc87c801fd61d││             │       │       │             │                              │             │               │             │                              │   optional: ││             ││             │
│ b3f6244' AND││             │       │       │             │                              │             │               │             │                              │  order_id IN││             ││             │
│   optional: ││             │       │       │             │                              │             │               │             │                              │ BF(order_id)││             ││             │
│  order_id IN││             │       │       │             │                              │             │               │             │                              │             ││             ││             │
│ BF(order_id)││             │       │       │             │                              │             │               │             │                              │             ││             ││             │
│             ││             │       │       │             │                              │             │               │             │                              │             ││             ││             │
│             ││             │       │       │             │                              │             │               │             │                              │             ││             ││             │
│             ││             │       │       │             │                              │             │               │             │                              │    0.01s    ││             ││             │
│ 97,238 rows ││ 98,207 rows │       │       │ 112,101 rows│                              │ 98,207 rows │               │    1 row    │                              │ 112,102 rows││ 98,207 rows ││  3,216 rows │
│    0.01s    ││   (0.02s)   │       │       │   (0.00s)   │                              │   (0.00s)   │               │   (0.00s)   │                              │   (0.01s)   ││   (0.01s)   ││   (0.00s)   │
└─────────────┘└──────┬──────┘       │       └──────┬──────┘                              └──────┬──────┘               └──────┬──────┘                              └─────────────┘└─────────────┘└──────┬──────┘
               ┌──────┴──────┐┌──────┴──────┐┌──────┴──────┐                              ┌──────┴──────┐               ┌──────┴──────┐                                                            ┌──────┴──────┐
               │  TABLE_SCAN ││  TABLE_SCAN ││  HASH_JOIN  │                              │  HASH_JOIN  │               │  PROJECTION │                                                            │    FILTER   │
               │    ──────   ││    ──────   ││    ──────   │                              │    ──────   │               │    ──────   │                                                            │    ──────   │
               │    Table:   ││    Table:   ││  Join Type: │                              │  Join Type: │               │      #0     │                                                            │(montant_comm│
               │  olist.main ││  olist.main ││    INNER    │                              │    INNER    │               │             │                                                            │ande_preceden│
               │  .customers ││   .orders   ││             │                              │             │               │             │                                                            │  te IS NOT  │
               │             ││             ││ Conditions: │                              │ Conditions: │               │             │                                                            │     NULL)   │
               │    Type:    ││    Type:    ││ customer_id │                              │ customer_id │               │             │                                                            │             │
               │  Sequential ││  Sequential ││= customer_id│                              │= customer_id│               │    0.00s    │                                                            │             │
               │     Scan    ││     Scan    ││             │                              │             │               │             │                                                            │             │
               │             ││             ││             │                              │             │               │             │                                                            │             │
               │ Projections:││ Projections:││             │                              │             │               │             │                                                            │    0.00s    │
               │ customer_id ││ customer_id ││             │                              │             │               │             │                                                            │             │
               │customer_uniq││   order_id  ││    0.03s    │                              │    0.02s    │               │             │                                                            │             │
               │    ue_id    ││             ││             │                              │             │               │             │                                                            │             │
               │             ││   Filters:  ││             │                              │             │               │             │                                                            │             │
               │Dynamic Filte││(order_status││             │                              │             │               │             │                                                            │             │
               │     rs:     ││   NOT IN (  ││             │                              │             │               │             │                                                            │             │
               │  optional:  ││ 'canceled', ││             │                              │             │               │             │                                                            │             │
               │  customer_id││ 'unavailable││             ├───────┐                      │             ├───────┐       │             │                                                            │             │
               │>='00012a2ce6││     '))     ││             │       │                      │             │       │       │             │                                                            │             │
               │f8dcda20d059c││             ││             │       │                      │             │       │       │             │                                                            │             │
               │  e98491703' ││             ││             │       │                      │             │       │       │             │                                                            │             │
               │ AND optional││             ││             │       │                      │             │       │       │             │                                                            │             │
               │: customer_id││             ││             │       │                      │             │       │       │             │                                                            │             │
               │<='ffffa31725││    0.01s    ││             │       │                      │             │       │       │             │                                                            │             │
               │27f765de70084││             ││             │       │                      │             │       │       │             │                                                            │             │
               │  a7e53aae8' ││             ││             │       │                      │             │       │       │             │                                                            │             │
               │ AND optional││             ││             │       │                      │             │       │       │             │                                                            │             │
               │: customer_id││             ││             │       │                      │             │       │       │             │                                                            │             │
               │ IN BF(custom││             ││             │       │                      │             │       │       │             │                                                            │             │
               │    er_id)   ││             ││             │       │                      │             │       │       │             │                                                            │             │
               │             ││             ││             │       │                      │             │       │       │             │                                                            │             │
               │             ││             ││             │       │                      │             │       │       │             │                                                            │             │
               │             ││             ││             │       │                      │             │       │       │             │                                                            │             │
               │ 98,209 rows ││ 98,207 rows ││ 112,101 rows│       │                      │ 98,207 rows │       │       │    1 row    │                                                            │  3,216 rows │
               │    0.01s    ││   (0.01s)   ││   (0.03s)   │       │                      │   (0.02s)   │       │       │   (0.00s)   │                                                            │   (0.00s)   │
               └─────────────┘└─────────────┘└──────┬──────┘       │                      └──────┬──────┘       │       └──────┬──────┘                                                            └──────┬──────┘
                                             ┌──────┴──────┐┌──────┴──────┐               ┌──────┴──────┐┌──────┴──────┐┌──────┴──────┐                                                            ┌──────┴──────┐
                                             │  TABLE_SCAN ││  HASH_JOIN  │               │  TABLE_SCAN ││  TABLE_SCAN ││COLUMN_D...  │                                                            │  PROJECTION │
                                             │    ──────   ││    ──────   │               │    ──────   ││    ──────   ││             │                                                            │    ──────   │
                                             │    Table:   ││  Join Type: │               │    Table:   ││    Table:   ││             │                                                            │      #0     │
                                             │  olist.main ││    INNER    │               │  olist.main ││  olist.main ││    0.00s    │                                                            │      #1     │
                                             │  .customers ││             │               │  .customers ││   .orders   ││             │                                                            │      #2     │
                                             │             ││ Conditions: │               │             ││             ││             │                                                            │      #3     │
                                             │    Type:    ││  order_id = │               │    Type:    ││    Type:    ││             │                                                            │      #4     │
                                             │  Sequential ││   order_id  │               │  Sequential ││  Sequential ││             │                                                            │      #5     │
                                             │     Scan    ││             │               │     Scan    ││     Scan    ││             │                                                            │             │
                                             │             ││             │               │             ││             ││             │                                                            │             │
                                             │ Projections:││             │               │ Projections:││ Projections:││             │                                                            │             │
                                             │ customer_id ││             │               │ customer_id ││ customer_id ││             │                                                            │             │
                                             │customer_uniq││    0.02s    │               │customer_uniq││   order_id  ││             │                                                            │    0.00s    │
                                             │    ue_id    ││             │               │    ue_id    ││order_purchas││             │                                                            │             │
                                             │             ││             │               │             ││ e_timestamp ││             │                                                            │             │
                                             │Dynamic Filte││             │               │Dynamic Filte││             ││             │                                                            │             │
                                             │     rs:     ││             │               │     rs:     ││   Filters:  ││             │                                                            │             │
                                             │  optional:  ││             │               │  optional:  ││(order_status││             │                                                            │             │
                                             │  customer_id││             ├───────┐       │  customer_id││   NOT IN (  ││             │                                                            │             │
                                             │>='00012a2ce6││             │       │       │>='00012a2ce6││ 'canceled', ││             │                                                            │             │
                                             │f8dcda20d059c││             │       │       │f8dcda20d059c││ 'unavailable││             │                                                            │             │
                                             │  e98491703' ││             │       │       │  e98491703' ││     '))     ││             │                                                            │             │
                                             │ AND optional││             │       │       │ AND optional││             ││             │                                                            │             │
                                             │: customer_id││             │       │       │: customer_id││             ││             │                                                            │             │
                                             │<='ffffa31725││             │       │       │<='ffffa31725││             ││             │                                                            │             │
                                             │27f765de70084││             │       │       │27f765de70084││             ││             │                                                            │             │
                                             │  a7e53aae8' ││             │       │       │  a7e53aae8' ││    0.01s    ││             │                                                            │             │
                                             │             ││             │       │       │ AND optional││             ││             │                                                            │             │
                                             │             ││             │       │       │: customer_id││             ││             │                                                            │             │
                                             │             ││             │       │       │ IN BF(custom││             ││             │                                                            │             │
                                             │             ││             │       │       │    er_id)   ││             ││             │                                                            │             │
                                             │    0.01s    ││             │       │       │             ││             ││             │                                                            │             │
                                             │             ││             │       │       │             ││             ││             │                                                            │             │
                                             │             ││             │       │       │             ││             ││             │                                                            │             │
                                             │ 99,441 rows ││ 112,101 rows│       │       │ 98,209 rows ││ 98,207 rows ││    1 row    │                                                            │ 98,199 rows │
                                             │   (0.01s)   ││   (0.02s)   │       │       │    0.01s    ││   (0.01s)   ││   (0.00s)   │                                                            │   (0.00s)   │
                                             └─────────────┘└──────┬──────┘       │       └─────────────┘└─────────────┘└─────────────┘                                                            └──────┬──────┘
                                                            ┌──────┴──────┐┌──────┴──────┐                                                                                                         ┌──────┴──────┐
                                                            │  TABLE_SCAN ││  TABLE_SCAN │                                                                                                         │    WINDOW   │
                                                            │    ──────   ││    ──────   │                                                                                                         │    ──────   │
                                                            │    Table:   ││    Table:   │                                                                                                         │ Projections:│
                                                            │  olist.main ││  olist.main │                                                                                                         │   LAG(sum(  │
                                                            │ .order_items││   .orders   │                                                                                                         │   (price +  │
                                                            │             ││             │                                                                                                         │ freight_valu│
                                                            │    Type:    ││    Type:    │                                                                                                         │  e))) OVER  │
                                                            │  Sequential ││  Sequential │                                                                                                         │  (PARTITION │
                                                            │     Scan    ││     Scan    │                                                                                                         │ BY customer_│
                                                            │             ││             │                                                                                                         │  unique_id  │
                                                            │ Projections:││ Projections:│                                                                                                         │   ORDER BY  │
                                                            │   order_id  ││ customer_id │                                                                                                         │ order_purcha│
                                                            │    price    ││   order_id  │                                                                                                         │ se_timestamp│
                                                            │freight_value││             │                                                                                                         │   ASC NULLS │
                                                            │             ││   Filters:  │                                                                                                         │     LAST)   │
                                                            │Dynamic Filte││(order_status│                                                                                                         │LAG(order_pur│
                                                            │     rs:     ││   NOT IN (  │                                                                                                         │chase_timesta│
                                                            │  optional:  ││ 'canceled', │                                                                                                         │  mp) OVER   │
                                                            │  order_id>= ││ 'unavailable│                                                                                                         │  (PARTITION │
                                                            │'00010242fe8c││     '))     │                                                                                                         │ BY customer_│
                                                            │5a6d1ba2dd792││             │                                                                                                         │  unique_id  │
                                                            │ cb16214' AND││             │                                                                                                         │   ORDER BY  │
                                                            │   optional: ││             │                                                                                                         │ order_purcha│
                                                            │  order_id<= ││             │                                                                                                         │ se_timestamp│
                                                            │'fffe41c64501││    0.01s    │                                                                                                         │   ASC NULLS │
                                                            │cc87c801fd61d││             │                                                                                                         │     LAST)   │
                                                            │ b3f6244' AND││             │                                                                                                         │             │
                                                            │   optional: ││             │                                                                                                         │             │
                                                            │  order_id IN││             │                                                                                                         │             │
                                                            │ BF(order_id)││             │                                                                                                         │             │
                                                            │             ││             │                                                                                                         │    0.08s    │
                                                            │             ││             │                                                                                                         │             │
                                                            │             ││             │                                                                                                         │             │
                                                            │ 112,102 rows││ 98,207 rows │                                                                                                         │ 98,199 rows │
                                                            │    0.01s    ││   (0.01s)   │                                                                                                         │   (0.08s)   │
                                                            └─────────────┘└─────────────┘                                                                                                         └──────┬──────┘
                                                                                                                                                                                                   ┌──────┴──────┐
                                                                                                                                                                                                   │HASH_GROUP_BY│
                                                                                                                                                                                                   │    ──────   │
                                                                                                                                                                                                   │   Groups:   │
                                                                                                                                                                                                   │      #0     │
                                                                                                                                                                                                   │      #1     │
                                                                                                                                                                                                   │      #2     │
                                                                                                                                                                                                   │             │
                                                                                                                                                                                                   │ Aggregates: │
                                                                                                                                                                                                   │   sum(#3)   │
                                                                                                                                                                                                   │             │
                                                                                                                                                                                                   │             │
                                                                                                                                                                                                   │             │
                                                                                                                                                                                                   │ 98,199 rows │
                                                                                                                                                                                                   │    0.04s    │
                                                                                                                                                                                                   └──────┬──────┘
                                                                                                                                                                                                   ┌──────┴──────┐
                                                                                                                                                                                                   │  PROJECTION │
                                                                                                                                                                                                   │    ──────   │
                                                                                                                                                                                                   │customer_uniq│
                                                                                                                                                                                                   │    ue_id    │
                                                                                                                                                                                                   │   order_id  │
                                                                                                                                                                                                   │order_purchas│
                                                                                                                                                                                                   │ e_timestamp │
                                                                                                                                                                                                   │   (price +  │
                                                                                                                                                                                                   │ freight_valu│
                                                                                                                                                                                                   │      e)     │
                                                                                                                                                                                                   │             │
                                                                                                                                                                                                   │             │
                                                                                                                                                                                                   │             │
                                                                                                                                                                                                   │ 112,101 rows│
                                                                                                                                                                                                   │    0.00s    │
                                                                                                                                                                                                   └──────┬──────┘
                                                                                                                                                                                                   ┌──────┴──────┐
                                                                                                                                                                                                   │  HASH_JOIN  │
                                                                                                                                                                                                   │    ──────   │
                                                                                                                                                                                                   │  Join Type: │
                                                                                                                                                                                                   │    INNER    │
                                                                                                                                                                                                   │             │
                                                                                                                                                                                                   │ Conditions: │
                                                                                                                                                                                                   │ customer_id ├───────┐
                                                                                                                                                                                                   │= customer_id│       │
                                                                                                                                                                                                   │             │       │
                                                                                                                                                                                                   │             │       │
                                                                                                                                                                                                   │             │       │
                                                                                                                                                                                                   │ 112,101 rows│       │
                                                                                                                                                                                                   │    0.03s    │       │
                                                                                                                                                                                                   └──────┬──────┘       │
                                                                                                                                                                                                   ┌──────┴──────┐┌──────┴──────┐
                                                                                                                                                                                                   │  TABLE_SCAN ││  HASH_JOIN  │
                                                                                                                                                                                                   │    ──────   ││    ──────   │
                                                                                                                                                                                                   │    Table:   ││  Join Type: │
                                                                                                                                                                                                   │  olist.main ││    INNER    │
                                                                                                                                                                                                   │  .customers ││             │
                                                                                                                                                                                                   │             ││ Conditions: │
                                                                                                                                                                                                   │    Type:    ││  order_id = │
                                                                                                                                                                                                   │  Sequential ││   order_id  │
                                                                                                                                                                                                   │     Scan    ││             │
                                                                                                                                                                                                   │             ││             │
                                                                                                                                                                                                   │ Projections:││             │
                                                                                                                                                                                                   │ customer_id ││             │
                                                                                                                                                                                                   │customer_uniq││    0.03s    │
                                                                                                                                                                                                   │    ue_id    ││             │
                                                                                                                                                                                                   │             ││             │
                                                                                                                                                                                                   │Dynamic Filte││             │
                                                                                                                                                                                                   │     rs:     ││             ├───────┐
                                                                                                                                                                                                   │  optional:  ││             │       │
                                                                                                                                                                                                   │  customer_id││             │       │
                                                                                                                                                                                                   │>='00012a2ce6││             │       │
                                                                                                                                                                                                   │f8dcda20d059c││             │       │
                                                                                                                                                                                                   │  e98491703' ││             │       │
                                                                                                                                                                                                   │ AND optional││             │       │
                                                                                                                                                                                                   │: customer_id││             │       │
                                                                                                                                                                                                   │<='ffffa31725││             │       │
                                                                                                                                                                                                   │27f765de70084││             │       │
                                                                                                                                                                                                   │  a7e53aae8' ││             │       │
                                                                                                                                                                                                   │             ││             │       │
                                                                                                                                                                                                   │             ││             │       │
                                                                                                                                                                                                   │             ││             │       │
                                                                                                                                                                                                   │ 99,441 rows ││ 112,101 rows│       │
                                                                                                                                                                                                   │    0.01s    ││   (0.03s)   │       │
                                                                                                                                                                                                   └─────────────┘└──────┬──────┘       │
                                                                                                                                                                                                                  ┌──────┴──────┐┌──────┴──────┐
                                                                                                                                                                                                                  │  TABLE_SCAN ││  TABLE_SCAN │
                                                                                                                                                                                                                  │    ──────   ││    ──────   │
                                                                                                                                                                                                                  │    Table:   ││    Table:   │
                                                                                                                                                                                                                  │  olist.main ││  olist.main │
                                                                                                                                                                                                                  │ .order_items││   .orders   │
                                                                                                                                                                                                                  │             ││             │
                                                                                                                                                                                                                  │    Type:    ││    Type:    │
                                                                                                                                                                                                                  │  Sequential ││  Sequential │
                                                                                                                                                                                                                  │     Scan    ││     Scan    │
                                                                                                                                                                                                                  │             ││             │
                                                                                                                                                                                                                  │ Projections:││ Projections:│
                                                                                                                                                                                                                  │   order_id  ││ customer_id │
                                                                                                                                                                                                                  │    price    ││   order_id  │
                                                                                                                                                                                                                  │freight_value││order_purchas│
                                                                                                                                                                                                                  │             ││ e_timestamp │
                                                                                                                                                                                                                  │Dynamic Filte││             │
                                                                                                                                                                                                                  │     rs:     ││   Filters:  │
                                                                                                                                                                                                                  │  optional:  ││(order_status│
                                                                                                                                                                                                                  │  order_id>= ││   NOT IN (  │
                                                                                                                                                                                                                  │'00010242fe8c││ 'canceled', │
                                                                                                                                                                                                                  │5a6d1ba2dd792││ 'unavailable│
                                                                                                                                                                                                                  │ cb16214' AND││     '))     │
                                                                                                                                                                                                                  │   optional: ││             │
                                                                                                                                                                                                                  │  order_id<= ││             │
                                                                                                                                                                                                                  │'fffe41c64501││             │
                                                                                                                                                                                                                  │cc87c801fd61d││             │
                                                                                                                                                                                                                  │ b3f6244' AND││    0.01s    │
                                                                                                                                                                                                                  │   optional: ││             │
                                                                                                                                                                                                                  │  order_id IN││             │
                                                                                                                                                                                                                  │ BF(order_id)││             │
                                                                                                                                                                                                                  │             ││             │
                                                                                                                                                                                                                  │             ││             │
                                                                                                                                                                                                                  │             ││             │
                                                                                                                                                                                                                  │ 112,102 rows││ 98,207 rows │
                                                                                                                                                                                                                  │    0.01s    ││   (0.01s)   │
                                                                                                                                                                                                                  └─────────────┘└─────────────┘
┌─────────────────────────────────────┐
│┌───────────────────────────────────┐│
││    Query Profiling Information    ││
│└───────────────────────────────────┘│
└─────────────────────────────────────┘
EXPLAIN ANALYZE SELECT * FROM mv_customer_features LIMIT 10;
┌────────────────────────────────────────────────┐
│┌──────────────────────────────────────────────┐│
││              Total Time: 0.0009s             ││
│└──────────────────────────────────────────────┘│
└────────────────────────────────────────────────┘
┌───────────────────────────┐
│           QUERY           │
└─────────────┬─────────────┘
┌─────────────┴─────────────┐
│      EXPLAIN_ANALYZE      │
│    ────────────────────   │
│                           │
│           0 rows          │
│           0.00s           │
└─────────────┬─────────────┘
┌─────────────┴─────────────┐
│      STREAMING_LIMIT      │
│    ────────────────────   │
│                           │
│          10 rows          │
│           0.00s           │
└─────────────┬─────────────┘
┌─────────────┴─────────────┐
│         TABLE_SCAN        │
│    ────────────────────   │
│           Table:          │
│         olist.main        │
│   .mv_customer_features   │
│                           │
│   Type: Sequential Scan   │
│                           │
│        Projections:       │
│     customer_unique_id    │
│        nb_commandes       │
│jours_depuis_derniere_comma│
│            nde            │
│       valeur_totale       │
│        panier_moyen       │
│ panier_moyen_par_commande │
│    score_moyen_reviews    │
│         nb_reviews        │
│    nb_mauvaises_reviews   │
│   pct_mauvaises_reviews   │
│  nb_categories_distinctes │
│delai_moyen_inter_commandes│
│      tendance_panier      │
│      rang_par_valeur      │
│   mode_paiement_prefere   │
│    nb_moyen_versements    │
│         est_churne        │
│       segment_client      │
│                           │
│                           │
│                           │
│         2,048 rows        │
│           0.00s           │
└───────────────────────────┘
    OK (résultats EXPLAIN ANALYZE sauvegardés dans outputs/explain_analyze.txt)

============================================
  Pipeline terminé.
  2026-05-28 11:24:32
============================================

Vérification finale :
┌────────────┐
│ nb_clients │
│   int64    │
├────────────┤
│      94990 │
└────────────┘

Aperçu (10 premières lignes) :
┌──────────────────────────────────┬──────────────┬────────────────────────────────┬────────────────┬────────────┐
│        customer_unique_id        │ nb_commandes │ jours_depuis_derniere_commande │ segment_client │ est_churne │
│             varchar              │    int64     │             int64              │    varchar     │   int32    │
├──────────────────────────────────┼──────────────┼────────────────────────────────┼────────────────┼────────────┤
│ cf0a56ec871e7e5bd6d6d8909cb7f26b │            1 │                            249 │ a_risque       │          0 │
│ e14dcbca72e57d7ee7ac43d9131b12b8 │            1 │                            450 │ churne         │          1 │
│ bddbe63c843873dff100276893ca5653 │            1 │                             68 │ nouveau        │          0 │
│ 071151e43131464fef4e13aa9a8dee37 │            1 │                            160 │ nouveau        │          0 │
│ 79fc316fe1845a67f34f4c32f09ee0b7 │            1 │                            376 │ churne         │          1 │
│ f41211bb7afc0625f4a81ef5adfbf092 │            1 │                             57 │ nouveau        │          0 │
│ 999e500fcd3619146877edbebccab429 │            1 │                            454 │ churne         │          1 │
│ 9011b2e0f1e26f56cbeef0be6a5f3a66 │            1 │                            352 │ a_risque       │          0 │
│ 0a8ae1a2b8d6524ba8b19208b6b6e1f6 │            1 │                            194 │ a_risque       │          0 │
│ a0e0617b2766e35c0788ee4ec54cc357 │            1 │                            221 │ a_risque       │          0 │
└──────────────────────────────────┴──────────────┴────────────────────────────────┴────────────────┴────────────┘
  10 rows                                                                                              5 columns

Fichiers produits :
  outputs/pipeline_run.log     <- log complet de cette exécution
  outputs/explain_analyze.txt  <- résultats EXPLAIN ANALYZE avant/après index
